process,nevents,seed
upsilon_to_leptons,10000,60000001
upsilon_to_leptons,10000,60000002
upsilon_to_leptons,10000,60000003
upsilon_to_leptons,10000,60000004
upsilon_to_leptons,10000,60000005
upsilon_to_leptons,10000,60000006
upsilon_to_leptons,10000,60000007
upsilon_to_leptons,10000,60000008
upsilon_to_leptons,10000,60000009
upsilon_to_leptons,10000,60000010
upsilon_to_leptons,10000,60000011
upsilon_to_leptons,10000,60000012
upsilon_to_leptons,10000,60000013
upsilon_to_leptons,10000,60000014
upsilon_to_leptons,10000,60000015
upsilon_to_leptons,10000,60000016
upsilon_to_leptons,10000,60000017
upsilon_to_leptons,10000,60000018
upsilon_to_leptons,10000,60000019
upsilon_to_leptons,10000,60000020
upsilon_to_leptons,10000,60000021
upsilon_to_leptons,10000,60000022
upsilon_to_leptons,10000,60000023
upsilon_to_leptons,10000,60000024
upsilon_to_leptons,10000,60000025
upsilon_to_leptons,10000,60000026
upsilon_to_leptons,10000,60000027
upsilon_to_leptons,10000,60000028
upsilon_to_leptons,10000,60000029
upsilon_to_leptons,10000,60000030
upsilon_to_leptons,10000,60000031
upsilon_to_leptons,10000,60000032
upsilon_to_leptons,10000,60000033
upsilon_to_leptons,10000,60000034
upsilon_to_leptons,10000,60000035
upsilon_to_leptons,10000,60000036
upsilon_to_leptons,10000,60000037
upsilon_to_leptons,10000,60000038
upsilon_to_leptons,10000,60000039
upsilon_to_leptons,10000,60000040
upsilon_to_leptons,10000,60000041
upsilon_to_leptons,10000,60000042
upsilon_to_leptons,10000,60000043
upsilon_to_leptons,10000,60000044
upsilon_to_leptons,10000,60000045
upsilon_to_leptons,10000,60000046
upsilon_to_leptons,10000,60000047
upsilon_to_leptons,10000,60000048
upsilon_to_leptons,10000,60000049
upsilon_to_leptons,10000,60000050
upsilon_to_leptons,10000,60000051
upsilon_to_leptons,10000,60000052
upsilon_to_leptons,10000,60000053
upsilon_to_leptons,10000,60000054
upsilon_to_leptons,10000,60000055
upsilon_to_leptons,10000,60000056
upsilon_to_leptons,10000,60000057
upsilon_to_leptons,10000,60000058
upsilon_to_leptons,10000,60000059
upsilon_to_leptons,10000,60000060
upsilon_to_leptons,10000,60000061
upsilon_to_leptons,10000,60000062
upsilon_to_leptons,10000,60000063
upsilon_to_leptons,10000,60000064
upsilon_to_leptons,10000,60000065
upsilon_to_leptons,10000,60000066
upsilon_to_leptons,10000,60000067
upsilon_to_leptons,10000,60000068
upsilon_to_leptons,10000,60000069
upsilon_to_leptons,10000,60000070
upsilon_to_leptons,10000,60000071
upsilon_to_leptons,10000,60000072
upsilon_to_leptons,10000,60000073
upsilon_to_leptons,10000,60000074
upsilon_to_leptons,10000,60000075
upsilon_to_leptons,10000,60000076
upsilon_to_leptons,10000,60000077
upsilon_to_leptons,10000,60000078
upsilon_to_leptons,10000,60000079
upsilon_to_leptons,10000,60000080
upsilon_to_leptons,10000,60000081
upsilon_to_leptons,10000,60000082
upsilon_to_leptons,10000,60000083
upsilon_to_leptons,10000,60000084
upsilon_to_leptons,10000,60000085
upsilon_to_leptons,10000,60000086
upsilon_to_leptons,10000,60000087
upsilon_to_leptons,10000,60000088
upsilon_to_leptons,10000,60000089
upsilon_to_leptons,10000,60000090
upsilon_to_leptons,10000,60000091
upsilon_to_leptons,10000,60000092
upsilon_to_leptons,10000,60000093
upsilon_to_leptons,10000,60000094
upsilon_to_leptons,10000,60000095
upsilon_to_leptons,10000,60000096
upsilon_to_leptons,10000,60000097
upsilon_to_leptons,10000,60000098
upsilon_to_leptons,10000,60000099
upsilon_to_leptons,10000,60000100
upsilon_to_leptons,10000,60000101
upsilon_to_leptons,10000,60000102
upsilon_to_leptons,10000,60000103
upsilon_to_leptons,10000,60000104
upsilon_to_leptons,10000,60000105
upsilon_to_leptons,10000,60000106
upsilon_to_leptons,10000,60000107
upsilon_to_leptons,10000,60000108
upsilon_to_leptons,10000,60000109
upsilon_to_leptons,10000,60000110
upsilon_to_leptons,10000,60000111
upsilon_to_leptons,10000,60000112
upsilon_to_leptons,10000,60000113
upsilon_to_leptons,10000,60000114
upsilon_to_leptons,10000,60000115
upsilon_to_leptons,10000,60000116
upsilon_to_leptons,10000,60000117
upsilon_to_leptons,10000,60000118
upsilon_to_leptons,10000,60000119
upsilon_to_leptons,10000,60000120
upsilon_to_leptons,10000,60000121
upsilon_to_leptons,10000,60000122
upsilon_to_leptons,10000,60000123
upsilon_to_leptons,10000,60000124
upsilon_to_leptons,10000,60000125
upsilon_to_leptons,10000,60000126
upsilon_to_leptons,10000,60000127
upsilon_to_leptons,10000,60000128
upsilon_to_leptons,10000,60000129
upsilon_to_leptons,10000,60000130
upsilon_to_leptons,10000,60000131
upsilon_to_leptons,10000,60000132
upsilon_to_leptons,10000,60000133
upsilon_to_leptons,10000,60000134
upsilon_to_leptons,10000,60000135
upsilon_to_leptons,10000,60000136
upsilon_to_leptons,10000,60000137
upsilon_to_leptons,10000,60000138
upsilon_to_leptons,10000,60000139
upsilon_to_leptons,10000,60000140
upsilon_to_leptons,10000,60000141
upsilon_to_leptons,10000,60000142
upsilon_to_leptons,10000,60000143
upsilon_to_leptons,10000,60000144
upsilon_to_leptons,10000,60000145
upsilon_to_leptons,10000,60000146
upsilon_to_leptons,10000,60000147
upsilon_to_leptons,10000,60000148
upsilon_to_leptons,10000,60000149
upsilon_to_leptons,10000,60000150
upsilon_to_leptons,10000,60000151
upsilon_to_leptons,10000,60000152
upsilon_to_leptons,10000,60000153
upsilon_to_leptons,10000,60000154
upsilon_to_leptons,10000,60000155
upsilon_to_leptons,10000,60000156
upsilon_to_leptons,10000,60000157
upsilon_to_leptons,10000,60000158
upsilon_to_leptons,10000,60000159
upsilon_to_leptons,10000,60000160
upsilon_to_leptons,10000,60000161
upsilon_to_leptons,10000,60000162
upsilon_to_leptons,10000,60000163
upsilon_to_leptons,10000,60000164
upsilon_to_leptons,10000,60000165
upsilon_to_leptons,10000,60000166
upsilon_to_leptons,10000,60000167
upsilon_to_leptons,10000,60000168
upsilon_to_leptons,10000,60000169
upsilon_to_leptons,10000,60000170
upsilon_to_leptons,10000,60000171
upsilon_to_leptons,10000,60000172
upsilon_to_leptons,10000,60000173
upsilon_to_leptons,10000,60000174
upsilon_to_leptons,10000,60000175
upsilon_to_leptons,10000,60000176
upsilon_to_leptons,10000,60000177
upsilon_to_leptons,10000,60000178
upsilon_to_leptons,10000,60000179
upsilon_to_leptons,10000,60000180
upsilon_to_leptons,10000,60000181
upsilon_to_leptons,10000,60000182
upsilon_to_leptons,10000,60000183
upsilon_to_leptons,10000,60000184
upsilon_to_leptons,10000,60000185
upsilon_to_leptons,10000,60000186
upsilon_to_leptons,10000,60000187
upsilon_to_leptons,10000,60000188
upsilon_to_leptons,10000,60000189
upsilon_to_leptons,10000,60000190
upsilon_to_leptons,10000,60000191
upsilon_to_leptons,10000,60000192
upsilon_to_leptons,10000,60000193
upsilon_to_leptons,10000,60000194
upsilon_to_leptons,10000,60000195
upsilon_to_leptons,10000,60000196
upsilon_to_leptons,10000,60000197
upsilon_to_leptons,10000,60000198
upsilon_to_leptons,10000,60000199
upsilon_to_leptons,10000,60000200
upsilon_to_leptons,10000,60000201
upsilon_to_leptons,10000,60000202
upsilon_to_leptons,10000,60000203
upsilon_to_leptons,10000,60000204
upsilon_to_leptons,10000,60000205
upsilon_to_leptons,10000,60000206
upsilon_to_leptons,10000,60000207
upsilon_to_leptons,10000,60000208
upsilon_to_leptons,10000,60000209
upsilon_to_leptons,10000,60000210
upsilon_to_leptons,10000,60000211
upsilon_to_leptons,10000,60000212
upsilon_to_leptons,10000,60000213
upsilon_to_leptons,10000,60000214
upsilon_to_leptons,10000,60000215
upsilon_to_leptons,10000,60000216
upsilon_to_leptons,10000,60000217
upsilon_to_leptons,10000,60000218
upsilon_to_leptons,10000,60000219
upsilon_to_leptons,10000,60000220
upsilon_to_leptons,10000,60000221
upsilon_to_leptons,10000,60000222
upsilon_to_leptons,10000,60000223
upsilon_to_leptons,10000,60000224
upsilon_to_leptons,10000,60000225
upsilon_to_leptons,10000,60000226
upsilon_to_leptons,10000,60000227
upsilon_to_leptons,10000,60000228
upsilon_to_leptons,10000,60000229
upsilon_to_leptons,10000,60000230
upsilon_to_leptons,10000,60000231
upsilon_to_leptons,10000,60000232
upsilon_to_leptons,10000,60000233
upsilon_to_leptons,10000,60000234
upsilon_to_leptons,10000,60000235
upsilon_to_leptons,10000,60000236
upsilon_to_leptons,10000,60000237
upsilon_to_leptons,10000,60000238
upsilon_to_leptons,10000,60000239
upsilon_to_leptons,10000,60000240
upsilon_to_leptons,10000,60000241
upsilon_to_leptons,10000,60000242
upsilon_to_leptons,10000,60000243
upsilon_to_leptons,10000,60000244
upsilon_to_leptons,10000,60000245
upsilon_to_leptons,10000,60000246
upsilon_to_leptons,10000,60000247
upsilon_to_leptons,10000,60000248
upsilon_to_leptons,10000,60000249
upsilon_to_leptons,10000,60000250
upsilon_to_leptons,10000,60000251
upsilon_to_leptons,10000,60000252
upsilon_to_leptons,10000,60000253
upsilon_to_leptons,10000,60000254
upsilon_to_leptons,10000,60000255
upsilon_to_leptons,10000,60000256
upsilon_to_leptons,10000,60000257
upsilon_to_leptons,10000,60000258
upsilon_to_leptons,10000,60000259
upsilon_to_leptons,10000,60000260
upsilon_to_leptons,10000,60000261
upsilon_to_leptons,10000,60000262
upsilon_to_leptons,10000,60000263
upsilon_to_leptons,10000,60000264
upsilon_to_leptons,10000,60000265
upsilon_to_leptons,10000,60000266
upsilon_to_leptons,10000,60000267
upsilon_to_leptons,10000,60000268
upsilon_to_leptons,10000,60000269
upsilon_to_leptons,10000,60000270
upsilon_to_leptons,10000,60000271
upsilon_to_leptons,10000,60000272
upsilon_to_leptons,10000,60000273
upsilon_to_leptons,10000,60000274
upsilon_to_leptons,10000,60000275
upsilon_to_leptons,10000,60000276
upsilon_to_leptons,10000,60000277
upsilon_to_leptons,10000,60000278
upsilon_to_leptons,10000,60000279
upsilon_to_leptons,10000,60000280
upsilon_to_leptons,10000,60000281
upsilon_to_leptons,10000,60000282
upsilon_to_leptons,10000,60000283
upsilon_to_leptons,10000,60000284
upsilon_to_leptons,10000,60000285
upsilon_to_leptons,10000,60000286
upsilon_to_leptons,10000,60000287
upsilon_to_leptons,10000,60000288
upsilon_to_leptons,10000,60000289
upsilon_to_leptons,10000,60000290
upsilon_to_leptons,10000,60000291
upsilon_to_leptons,10000,60000292
upsilon_to_leptons,10000,60000293
upsilon_to_leptons,10000,60000294
upsilon_to_leptons,10000,60000295
upsilon_to_leptons,10000,60000296
upsilon_to_leptons,10000,60000297
upsilon_to_leptons,10000,60000298
upsilon_to_leptons,10000,60000299
upsilon_to_leptons,10000,60000300
upsilon_to_leptons,10000,60000301
upsilon_to_leptons,10000,60000302
upsilon_to_leptons,10000,60000303
upsilon_to_leptons,10000,60000304
upsilon_to_leptons,10000,60000305
upsilon_to_leptons,10000,60000306
upsilon_to_leptons,10000,60000307
upsilon_to_leptons,10000,60000308
upsilon_to_leptons,10000,60000309
upsilon_to_leptons,10000,60000310
upsilon_to_leptons,10000,60000311
upsilon_to_leptons,10000,60000312
upsilon_to_leptons,10000,60000313
upsilon_to_leptons,10000,60000314
upsilon_to_leptons,10000,60000315
upsilon_to_leptons,10000,60000316
upsilon_to_leptons,10000,60000317
upsilon_to_leptons,10000,60000318
upsilon_to_leptons,10000,60000319
upsilon_to_leptons,10000,60000320
upsilon_to_leptons,10000,60000321
upsilon_to_leptons,10000,60000322
upsilon_to_leptons,10000,60000323
upsilon_to_leptons,10000,60000324
upsilon_to_leptons,10000,60000325
upsilon_to_leptons,10000,60000326
upsilon_to_leptons,10000,60000327
upsilon_to_leptons,10000,60000328
upsilon_to_leptons,10000,60000329
upsilon_to_leptons,10000,60000330
upsilon_to_leptons,10000,60000331
upsilon_to_leptons,10000,60000332
upsilon_to_leptons,10000,60000333
upsilon_to_leptons,10000,60000334
upsilon_to_leptons,10000,60000335
upsilon_to_leptons,10000,60000336
upsilon_to_leptons,10000,60000337
upsilon_to_leptons,10000,60000338
upsilon_to_leptons,10000,60000339
upsilon_to_leptons,10000,60000340
upsilon_to_leptons,10000,60000341
upsilon_to_leptons,10000,60000342
upsilon_to_leptons,10000,60000343
upsilon_to_leptons,10000,60000344
upsilon_to_leptons,10000,60000345
upsilon_to_leptons,10000,60000346
upsilon_to_leptons,10000,60000347
upsilon_to_leptons,10000,60000348
upsilon_to_leptons,10000,60000349
upsilon_to_leptons,10000,60000350
upsilon_to_leptons,10000,60000351
upsilon_to_leptons,10000,60000352
upsilon_to_leptons,10000,60000353
upsilon_to_leptons,10000,60000354
upsilon_to_leptons,10000,60000355
upsilon_to_leptons,10000,60000356
upsilon_to_leptons,10000,60000357
upsilon_to_leptons,10000,60000358
upsilon_to_leptons,10000,60000359
upsilon_to_leptons,10000,60000360
upsilon_to_leptons,10000,60000361
upsilon_to_leptons,10000,60000362
upsilon_to_leptons,10000,60000363
upsilon_to_leptons,10000,60000364
upsilon_to_leptons,10000,60000365
upsilon_to_leptons,10000,60000366
upsilon_to_leptons,10000,60000367
upsilon_to_leptons,10000,60000368
upsilon_to_leptons,10000,60000369
upsilon_to_leptons,10000,60000370
upsilon_to_leptons,10000,60000371
upsilon_to_leptons,10000,60000372
upsilon_to_leptons,10000,60000373
upsilon_to_leptons,10000,60000374
upsilon_to_leptons,10000,60000375
upsilon_to_leptons,10000,60000376
upsilon_to_leptons,10000,60000377
upsilon_to_leptons,10000,60000378
upsilon_to_leptons,10000,60000379
upsilon_to_leptons,10000,60000380
upsilon_to_leptons,10000,60000381
upsilon_to_leptons,10000,60000382
upsilon_to_leptons,10000,60000383
upsilon_to_leptons,10000,60000384
upsilon_to_leptons,10000,60000385
upsilon_to_leptons,10000,60000386
upsilon_to_leptons,10000,60000387
upsilon_to_leptons,10000,60000388
upsilon_to_leptons,10000,60000389
upsilon_to_leptons,10000,60000390
upsilon_to_leptons,10000,60000391
upsilon_to_leptons,10000,60000392
upsilon_to_leptons,10000,60000393
upsilon_to_leptons,10000,60000394
upsilon_to_leptons,10000,60000395
upsilon_to_leptons,10000,60000396
upsilon_to_leptons,10000,60000397
upsilon_to_leptons,10000,60000398
upsilon_to_leptons,10000,60000399
upsilon_to_leptons,10000,60000400
upsilon_to_leptons,10000,60000401
upsilon_to_leptons,10000,60000402
upsilon_to_leptons,10000,60000403
upsilon_to_leptons,10000,60000404
upsilon_to_leptons,10000,60000405
upsilon_to_leptons,10000,60000406
upsilon_to_leptons,10000,60000407
upsilon_to_leptons,10000,60000408
upsilon_to_leptons,10000,60000409
upsilon_to_leptons,10000,60000410
upsilon_to_leptons,10000,60000411
upsilon_to_leptons,10000,60000412
upsilon_to_leptons,10000,60000413
upsilon_to_leptons,10000,60000414
upsilon_to_leptons,10000,60000415
upsilon_to_leptons,10000,60000416
upsilon_to_leptons,10000,60000417
upsilon_to_leptons,10000,60000418
upsilon_to_leptons,10000,60000419
upsilon_to_leptons,10000,60000420
upsilon_to_leptons,10000,60000421
upsilon_to_leptons,10000,60000422
upsilon_to_leptons,10000,60000423
upsilon_to_leptons,10000,60000424
upsilon_to_leptons,10000,60000425
upsilon_to_leptons,10000,60000426
upsilon_to_leptons,10000,60000427
upsilon_to_leptons,10000,60000428
upsilon_to_leptons,10000,60000429
upsilon_to_leptons,10000,60000430
upsilon_to_leptons,10000,60000431
upsilon_to_leptons,10000,60000432
upsilon_to_leptons,10000,60000433
upsilon_to_leptons,10000,60000434
upsilon_to_leptons,10000,60000435
upsilon_to_leptons,10000,60000436
upsilon_to_leptons,10000,60000437
upsilon_to_leptons,10000,60000438
upsilon_to_leptons,10000,60000439
upsilon_to_leptons,10000,60000440
upsilon_to_leptons,10000,60000441
upsilon_to_leptons,10000,60000442
upsilon_to_leptons,10000,60000443
upsilon_to_leptons,10000,60000444
upsilon_to_leptons,10000,60000445
upsilon_to_leptons,10000,60000446
upsilon_to_leptons,10000,60000447
upsilon_to_leptons,10000,60000448
upsilon_to_leptons,10000,60000449
upsilon_to_leptons,10000,60000450
upsilon_to_leptons,10000,60000451
upsilon_to_leptons,10000,60000452
upsilon_to_leptons,10000,60000453
upsilon_to_leptons,10000,60000454
upsilon_to_leptons,10000,60000455
upsilon_to_leptons,10000,60000456
upsilon_to_leptons,10000,60000457
upsilon_to_leptons,10000,60000458
upsilon_to_leptons,10000,60000459
upsilon_to_leptons,10000,60000460
upsilon_to_leptons,10000,60000461
upsilon_to_leptons,10000,60000462
upsilon_to_leptons,10000,60000463
upsilon_to_leptons,10000,60000464
upsilon_to_leptons,10000,60000465
upsilon_to_leptons,10000,60000466
upsilon_to_leptons,10000,60000467
upsilon_to_leptons,10000,60000468
upsilon_to_leptons,10000,60000469
upsilon_to_leptons,10000,60000470
upsilon_to_leptons,10000,60000471
upsilon_to_leptons,10000,60000472
upsilon_to_leptons,10000,60000473
upsilon_to_leptons,10000,60000474
upsilon_to_leptons,10000,60000475
upsilon_to_leptons,10000,60000476
upsilon_to_leptons,10000,60000477
upsilon_to_leptons,10000,60000478
upsilon_to_leptons,10000,60000479
upsilon_to_leptons,10000,60000480
upsilon_to_leptons,10000,60000481
upsilon_to_leptons,10000,60000482
upsilon_to_leptons,10000,60000483
upsilon_to_leptons,10000,60000484
upsilon_to_leptons,10000,60000485
upsilon_to_leptons,10000,60000486
upsilon_to_leptons,10000,60000487
upsilon_to_leptons,10000,60000488
upsilon_to_leptons,10000,60000489
upsilon_to_leptons,10000,60000490
upsilon_to_leptons,10000,60000491
upsilon_to_leptons,10000,60000492
upsilon_to_leptons,10000,60000493
upsilon_to_leptons,10000,60000494
upsilon_to_leptons,10000,60000495
upsilon_to_leptons,10000,60000496
upsilon_to_leptons,10000,60000497
upsilon_to_leptons,10000,60000498
upsilon_to_leptons,10000,60000499
upsilon_to_leptons,10000,60000500
upsilon_to_leptons,10000,60000501
upsilon_to_leptons,10000,60000502
upsilon_to_leptons,10000,60000503
upsilon_to_leptons,10000,60000504
upsilon_to_leptons,10000,60000505
upsilon_to_leptons,10000,60000506
upsilon_to_leptons,10000,60000507
upsilon_to_leptons,10000,60000508
upsilon_to_leptons,10000,60000509
upsilon_to_leptons,10000,60000510
upsilon_to_leptons,10000,60000511
upsilon_to_leptons,10000,60000512
upsilon_to_leptons,10000,60000513
upsilon_to_leptons,10000,60000514
upsilon_to_leptons,10000,60000515
upsilon_to_leptons,10000,60000516
upsilon_to_leptons,10000,60000517
upsilon_to_leptons,10000,60000518
upsilon_to_leptons,10000,60000519
upsilon_to_leptons,10000,60000520
upsilon_to_leptons,10000,60000521
upsilon_to_leptons,10000,60000522
upsilon_to_leptons,10000,60000523
upsilon_to_leptons,10000,60000524
upsilon_to_leptons,10000,60000525
upsilon_to_leptons,10000,60000526
upsilon_to_leptons,10000,60000527
upsilon_to_leptons,10000,60000528
upsilon_to_leptons,10000,60000529
upsilon_to_leptons,10000,60000530
upsilon_to_leptons,10000,60000531
upsilon_to_leptons,10000,60000532
upsilon_to_leptons,10000,60000533
upsilon_to_leptons,10000,60000534
upsilon_to_leptons,10000,60000535
upsilon_to_leptons,10000,60000536
upsilon_to_leptons,10000,60000537
upsilon_to_leptons,10000,60000538
upsilon_to_leptons,10000,60000539
upsilon_to_leptons,10000,60000540
upsilon_to_leptons,10000,60000541
upsilon_to_leptons,10000,60000542
upsilon_to_leptons,10000,60000543
upsilon_to_leptons,10000,60000544
upsilon_to_leptons,10000,60000545
upsilon_to_leptons,10000,60000546
upsilon_to_leptons,10000,60000547
upsilon_to_leptons,10000,60000548
upsilon_to_leptons,10000,60000549
upsilon_to_leptons,10000,60000550
upsilon_to_leptons,10000,60000551
upsilon_to_leptons,10000,60000552
upsilon_to_leptons,10000,60000553
upsilon_to_leptons,10000,60000554
upsilon_to_leptons,10000,60000555
upsilon_to_leptons,10000,60000556
upsilon_to_leptons,10000,60000557
upsilon_to_leptons,10000,60000558
upsilon_to_leptons,10000,60000559
upsilon_to_leptons,10000,60000560
upsilon_to_leptons,10000,60000561
upsilon_to_leptons,10000,60000562
upsilon_to_leptons,10000,60000563
upsilon_to_leptons,10000,60000564
upsilon_to_leptons,10000,60000565
upsilon_to_leptons,10000,60000566
upsilon_to_leptons,10000,60000567
upsilon_to_leptons,10000,60000568
upsilon_to_leptons,10000,60000569
upsilon_to_leptons,10000,60000570
upsilon_to_leptons,10000,60000571
upsilon_to_leptons,10000,60000572
upsilon_to_leptons,10000,60000573
upsilon_to_leptons,10000,60000574
upsilon_to_leptons,10000,60000575
upsilon_to_leptons,10000,60000576
upsilon_to_leptons,10000,60000577
upsilon_to_leptons,10000,60000578
upsilon_to_leptons,10000,60000579
upsilon_to_leptons,10000,60000580
upsilon_to_leptons,10000,60000581
upsilon_to_leptons,10000,60000582
upsilon_to_leptons,10000,60000583
upsilon_to_leptons,10000,60000584
upsilon_to_leptons,10000,60000585
upsilon_to_leptons,10000,60000586
upsilon_to_leptons,10000,60000587
upsilon_to_leptons,10000,60000588
upsilon_to_leptons,10000,60000589
upsilon_to_leptons,10000,60000590
upsilon_to_leptons,10000,60000591
upsilon_to_leptons,10000,60000592
upsilon_to_leptons,10000,60000593
upsilon_to_leptons,10000,60000594
upsilon_to_leptons,10000,60000595
upsilon_to_leptons,10000,60000596
upsilon_to_leptons,10000,60000597
upsilon_to_leptons,10000,60000598
upsilon_to_leptons,10000,60000599
upsilon_to_leptons,10000,60000600
upsilon_to_leptons,10000,60000601
upsilon_to_leptons,10000,60000602
upsilon_to_leptons,10000,60000603
upsilon_to_leptons,10000,60000604
upsilon_to_leptons,10000,60000605
upsilon_to_leptons,10000,60000606
upsilon_to_leptons,10000,60000607
upsilon_to_leptons,10000,60000608
upsilon_to_leptons,10000,60000609
upsilon_to_leptons,10000,60000610
upsilon_to_leptons,10000,60000611
upsilon_to_leptons,10000,60000612
upsilon_to_leptons,10000,60000613
upsilon_to_leptons,10000,60000614
upsilon_to_leptons,10000,60000615
upsilon_to_leptons,10000,60000616
upsilon_to_leptons,10000,60000617
upsilon_to_leptons,10000,60000618
upsilon_to_leptons,10000,60000619
upsilon_to_leptons,10000,60000620
upsilon_to_leptons,10000,60000621
upsilon_to_leptons,10000,60000622
upsilon_to_leptons,10000,60000623
upsilon_to_leptons,10000,60000624
upsilon_to_leptons,10000,60000625
upsilon_to_leptons,10000,60000626
upsilon_to_leptons,10000,60000627
upsilon_to_leptons,10000,60000628
upsilon_to_leptons,10000,60000629
upsilon_to_leptons,10000,60000630
upsilon_to_leptons,10000,60000631
upsilon_to_leptons,10000,60000632
upsilon_to_leptons,10000,60000633
upsilon_to_leptons,10000,60000634
upsilon_to_leptons,10000,60000635
upsilon_to_leptons,10000,60000636
upsilon_to_leptons,10000,60000637
upsilon_to_leptons,10000,60000638
upsilon_to_leptons,10000,60000639
upsilon_to_leptons,10000,60000640
upsilon_to_leptons,10000,60000641
upsilon_to_leptons,10000,60000642
upsilon_to_leptons,10000,60000643
upsilon_to_leptons,10000,60000644
upsilon_to_leptons,10000,60000645
upsilon_to_leptons,10000,60000646
upsilon_to_leptons,10000,60000647
upsilon_to_leptons,10000,60000648
upsilon_to_leptons,10000,60000649
upsilon_to_leptons,10000,60000650
upsilon_to_leptons,10000,60000651
upsilon_to_leptons,10000,60000652
upsilon_to_leptons,10000,60000653
upsilon_to_leptons,10000,60000654
upsilon_to_leptons,10000,60000655
upsilon_to_leptons,10000,60000656
upsilon_to_leptons,10000,60000657
upsilon_to_leptons,10000,60000658
upsilon_to_leptons,10000,60000659
upsilon_to_leptons,10000,60000660
upsilon_to_leptons,10000,60000661
upsilon_to_leptons,10000,60000662
upsilon_to_leptons,10000,60000663
upsilon_to_leptons,10000,60000664
upsilon_to_leptons,10000,60000665
upsilon_to_leptons,10000,60000666
upsilon_to_leptons,10000,60000667
upsilon_to_leptons,10000,60000668
upsilon_to_leptons,10000,60000669
upsilon_to_leptons,10000,60000670
upsilon_to_leptons,10000,60000671
upsilon_to_leptons,10000,60000672
upsilon_to_leptons,10000,60000673
upsilon_to_leptons,10000,60000674
upsilon_to_leptons,10000,60000675
upsilon_to_leptons,10000,60000676
upsilon_to_leptons,10000,60000677
upsilon_to_leptons,10000,60000678
upsilon_to_leptons,10000,60000679
upsilon_to_leptons,10000,60000680
upsilon_to_leptons,10000,60000681
upsilon_to_leptons,10000,60000682
upsilon_to_leptons,10000,60000683
upsilon_to_leptons,10000,60000684
upsilon_to_leptons,10000,60000685
upsilon_to_leptons,10000,60000686
upsilon_to_leptons,10000,60000687
upsilon_to_leptons,10000,60000688
upsilon_to_leptons,10000,60000689
upsilon_to_leptons,10000,60000690
upsilon_to_leptons,10000,60000691
upsilon_to_leptons,10000,60000692
upsilon_to_leptons,10000,60000693
upsilon_to_leptons,10000,60000694
upsilon_to_leptons,10000,60000695
upsilon_to_leptons,10000,60000696
upsilon_to_leptons,10000,60000697
upsilon_to_leptons,10000,60000698
upsilon_to_leptons,10000,60000699
upsilon_to_leptons,10000,60000700
upsilon_to_leptons,10000,60000701
upsilon_to_leptons,10000,60000702
upsilon_to_leptons,10000,60000703
upsilon_to_leptons,10000,60000704
upsilon_to_leptons,10000,60000705
upsilon_to_leptons,10000,60000706
upsilon_to_leptons,10000,60000707
upsilon_to_leptons,10000,60000708
upsilon_to_leptons,10000,60000709
upsilon_to_leptons,10000,60000710
upsilon_to_leptons,10000,60000711
upsilon_to_leptons,10000,60000712
upsilon_to_leptons,10000,60000713
upsilon_to_leptons,10000,60000714
upsilon_to_leptons,10000,60000715
upsilon_to_leptons,10000,60000716
upsilon_to_leptons,10000,60000717
upsilon_to_leptons,10000,60000718
upsilon_to_leptons,10000,60000719
upsilon_to_leptons,10000,60000720
upsilon_to_leptons,10000,60000721
upsilon_to_leptons,10000,60000722
upsilon_to_leptons,10000,60000723
upsilon_to_leptons,10000,60000724
upsilon_to_leptons,10000,60000725
upsilon_to_leptons,10000,60000726
upsilon_to_leptons,10000,60000727
upsilon_to_leptons,10000,60000728
upsilon_to_leptons,10000,60000729
upsilon_to_leptons,10000,60000730
upsilon_to_leptons,10000,60000731
upsilon_to_leptons,10000,60000732
upsilon_to_leptons,10000,60000733
upsilon_to_leptons,10000,60000734
upsilon_to_leptons,10000,60000735
upsilon_to_leptons,10000,60000736
upsilon_to_leptons,10000,60000737
upsilon_to_leptons,10000,60000738
upsilon_to_leptons,10000,60000739
upsilon_to_leptons,10000,60000740
upsilon_to_leptons,10000,60000741
upsilon_to_leptons,10000,60000742
upsilon_to_leptons,10000,60000743
upsilon_to_leptons,10000,60000744
upsilon_to_leptons,10000,60000745
upsilon_to_leptons,10000,60000746
upsilon_to_leptons,10000,60000747
upsilon_to_leptons,10000,60000748
upsilon_to_leptons,10000,60000749
upsilon_to_leptons,10000,60000750
upsilon_to_leptons,10000,60000751
upsilon_to_leptons,10000,60000752
upsilon_to_leptons,10000,60000753
upsilon_to_leptons,10000,60000754
upsilon_to_leptons,10000,60000755
upsilon_to_leptons,10000,60000756
upsilon_to_leptons,10000,60000757
upsilon_to_leptons,10000,60000758
upsilon_to_leptons,10000,60000759
upsilon_to_leptons,10000,60000760
upsilon_to_leptons,10000,60000761
upsilon_to_leptons,10000,60000762
upsilon_to_leptons,10000,60000763
upsilon_to_leptons,10000,60000764
upsilon_to_leptons,10000,60000765
upsilon_to_leptons,10000,60000766
upsilon_to_leptons,10000,60000767
upsilon_to_leptons,10000,60000768
upsilon_to_leptons,10000,60000769
upsilon_to_leptons,10000,60000770
upsilon_to_leptons,10000,60000771
upsilon_to_leptons,10000,60000772
upsilon_to_leptons,10000,60000773
upsilon_to_leptons,10000,60000774
upsilon_to_leptons,10000,60000775
upsilon_to_leptons,10000,60000776
upsilon_to_leptons,10000,60000777
upsilon_to_leptons,10000,60000778
upsilon_to_leptons,10000,60000779
upsilon_to_leptons,10000,60000780
upsilon_to_leptons,10000,60000781
upsilon_to_leptons,10000,60000782
upsilon_to_leptons,10000,60000783
upsilon_to_leptons,10000,60000784
upsilon_to_leptons,10000,60000785
upsilon_to_leptons,10000,60000786
upsilon_to_leptons,10000,60000787
upsilon_to_leptons,10000,60000788
upsilon_to_leptons,10000,60000789
upsilon_to_leptons,10000,60000790
upsilon_to_leptons,10000,60000791
upsilon_to_leptons,10000,60000792
upsilon_to_leptons,10000,60000793
upsilon_to_leptons,10000,60000794
upsilon_to_leptons,10000,60000795
upsilon_to_leptons,10000,60000796
upsilon_to_leptons,10000,60000797
upsilon_to_leptons,10000,60000798
upsilon_to_leptons,10000,60000799
upsilon_to_leptons,10000,60000800
upsilon_to_leptons,10000,60000801
upsilon_to_leptons,10000,60000802
upsilon_to_leptons,10000,60000803
upsilon_to_leptons,10000,60000804
upsilon_to_leptons,10000,60000805
upsilon_to_leptons,10000,60000806
upsilon_to_leptons,10000,60000807
upsilon_to_leptons,10000,60000808
upsilon_to_leptons,10000,60000809
upsilon_to_leptons,10000,60000810
upsilon_to_leptons,10000,60000811
upsilon_to_leptons,10000,60000812
upsilon_to_leptons,10000,60000813
upsilon_to_leptons,10000,60000814
upsilon_to_leptons,10000,60000815
upsilon_to_leptons,10000,60000816
upsilon_to_leptons,10000,60000817
upsilon_to_leptons,10000,60000818
upsilon_to_leptons,10000,60000819
upsilon_to_leptons,10000,60000820
upsilon_to_leptons,10000,60000821
upsilon_to_leptons,10000,60000822
upsilon_to_leptons,10000,60000823
upsilon_to_leptons,10000,60000824
upsilon_to_leptons,10000,60000825
upsilon_to_leptons,10000,60000826
upsilon_to_leptons,10000,60000827
upsilon_to_leptons,10000,60000828
upsilon_to_leptons,10000,60000829
upsilon_to_leptons,10000,60000830
upsilon_to_leptons,10000,60000831
upsilon_to_leptons,10000,60000832
upsilon_to_leptons,10000,60000833
upsilon_to_leptons,10000,60000834
upsilon_to_leptons,10000,60000835
upsilon_to_leptons,10000,60000836
upsilon_to_leptons,10000,60000837
upsilon_to_leptons,10000,60000838
upsilon_to_leptons,10000,60000839
upsilon_to_leptons,10000,60000840
upsilon_to_leptons,10000,60000841
upsilon_to_leptons,10000,60000842
upsilon_to_leptons,10000,60000843
upsilon_to_leptons,10000,60000844
upsilon_to_leptons,10000,60000845
upsilon_to_leptons,10000,60000846
upsilon_to_leptons,10000,60000847
upsilon_to_leptons,10000,60000848
upsilon_to_leptons,10000,60000849
upsilon_to_leptons,10000,60000850
upsilon_to_leptons,10000,60000851
upsilon_to_leptons,10000,60000852
upsilon_to_leptons,10000,60000853
upsilon_to_leptons,10000,60000854
upsilon_to_leptons,10000,60000855
upsilon_to_leptons,10000,60000856
upsilon_to_leptons,10000,60000857
upsilon_to_leptons,10000,60000858
upsilon_to_leptons,10000,60000859
upsilon_to_leptons,10000,60000860
upsilon_to_leptons,10000,60000861
upsilon_to_leptons,10000,60000862
upsilon_to_leptons,10000,60000863
upsilon_to_leptons,10000,60000864
upsilon_to_leptons,10000,60000865
upsilon_to_leptons,10000,60000866
upsilon_to_leptons,10000,60000867
upsilon_to_leptons,10000,60000868
upsilon_to_leptons,10000,60000869
upsilon_to_leptons,10000,60000870
upsilon_to_leptons,10000,60000871
upsilon_to_leptons,10000,60000872
upsilon_to_leptons,10000,60000873
upsilon_to_leptons,10000,60000874
upsilon_to_leptons,10000,60000875
upsilon_to_leptons,10000,60000876
upsilon_to_leptons,10000,60000877
upsilon_to_leptons,10000,60000878
upsilon_to_leptons,10000,60000879
upsilon_to_leptons,10000,60000880
upsilon_to_leptons,10000,60000881
upsilon_to_leptons,10000,60000882
upsilon_to_leptons,10000,60000883
upsilon_to_leptons,10000,60000884
upsilon_to_leptons,10000,60000885
upsilon_to_leptons,10000,60000886
upsilon_to_leptons,10000,60000887
upsilon_to_leptons,10000,60000888
upsilon_to_leptons,10000,60000889
upsilon_to_leptons,10000,60000890
upsilon_to_leptons,10000,60000891
upsilon_to_leptons,10000,60000892
upsilon_to_leptons,10000,60000893
upsilon_to_leptons,10000,60000894
upsilon_to_leptons,10000,60000895
upsilon_to_leptons,10000,60000896
upsilon_to_leptons,10000,60000897
upsilon_to_leptons,10000,60000898
upsilon_to_leptons,10000,60000899
upsilon_to_leptons,10000,60000900
upsilon_to_leptons,10000,60000901
upsilon_to_leptons,10000,60000902
upsilon_to_leptons,10000,60000903
upsilon_to_leptons,10000,60000904
upsilon_to_leptons,10000,60000905
upsilon_to_leptons,10000,60000906
upsilon_to_leptons,10000,60000907
upsilon_to_leptons,10000,60000908
upsilon_to_leptons,10000,60000909
upsilon_to_leptons,10000,60000910
upsilon_to_leptons,10000,60000911
upsilon_to_leptons,10000,60000912
upsilon_to_leptons,10000,60000913
upsilon_to_leptons,10000,60000914
upsilon_to_leptons,10000,60000915
upsilon_to_leptons,10000,60000916
upsilon_to_leptons,10000,60000917
upsilon_to_leptons,10000,60000918
upsilon_to_leptons,10000,60000919
upsilon_to_leptons,10000,60000920
upsilon_to_leptons,10000,60000921
upsilon_to_leptons,10000,60000922
upsilon_to_leptons,10000,60000923
upsilon_to_leptons,10000,60000924
upsilon_to_leptons,10000,60000925
upsilon_to_leptons,10000,60000926
upsilon_to_leptons,10000,60000927
upsilon_to_leptons,10000,60000928
upsilon_to_leptons,10000,60000929
upsilon_to_leptons,10000,60000930
upsilon_to_leptons,10000,60000931
upsilon_to_leptons,10000,60000932
upsilon_to_leptons,10000,60000933
upsilon_to_leptons,10000,60000934
upsilon_to_leptons,10000,60000935
upsilon_to_leptons,10000,60000936
upsilon_to_leptons,10000,60000937
upsilon_to_leptons,10000,60000938
upsilon_to_leptons,10000,60000939
upsilon_to_leptons,10000,60000940
upsilon_to_leptons,10000,60000941
upsilon_to_leptons,10000,60000942
upsilon_to_leptons,10000,60000943
upsilon_to_leptons,10000,60000944
upsilon_to_leptons,10000,60000945
upsilon_to_leptons,10000,60000946
upsilon_to_leptons,10000,60000947
upsilon_to_leptons,10000,60000948
upsilon_to_leptons,10000,60000949
upsilon_to_leptons,10000,60000950
upsilon_to_leptons,10000,60000951
upsilon_to_leptons,10000,60000952
upsilon_to_leptons,10000,60000953
upsilon_to_leptons,10000,60000954
upsilon_to_leptons,10000,60000955
upsilon_to_leptons,10000,60000956
upsilon_to_leptons,10000,60000957
upsilon_to_leptons,10000,60000958
upsilon_to_leptons,10000,60000959
upsilon_to_leptons,10000,60000960
upsilon_to_leptons,10000,60000961
upsilon_to_leptons,10000,60000962
upsilon_to_leptons,10000,60000963
upsilon_to_leptons,10000,60000964
upsilon_to_leptons,10000,60000965
upsilon_to_leptons,10000,60000966
upsilon_to_leptons,10000,60000967
upsilon_to_leptons,10000,60000968
upsilon_to_leptons,10000,60000969
upsilon_to_leptons,10000,60000970
upsilon_to_leptons,10000,60000971
upsilon_to_leptons,10000,60000972
upsilon_to_leptons,10000,60000973
upsilon_to_leptons,10000,60000974
upsilon_to_leptons,10000,60000975
upsilon_to_leptons,10000,60000976
upsilon_to_leptons,10000,60000977
upsilon_to_leptons,10000,60000978
upsilon_to_leptons,10000,60000979
upsilon_to_leptons,10000,60000980
upsilon_to_leptons,10000,60000981
upsilon_to_leptons,10000,60000982
upsilon_to_leptons,10000,60000983
upsilon_to_leptons,10000,60000984
upsilon_to_leptons,10000,60000985
upsilon_to_leptons,10000,60000986
upsilon_to_leptons,10000,60000987
upsilon_to_leptons,10000,60000988
upsilon_to_leptons,10000,60000989
upsilon_to_leptons,10000,60000990
upsilon_to_leptons,10000,60000991
upsilon_to_leptons,10000,60000992
upsilon_to_leptons,10000,60000993
upsilon_to_leptons,10000,60000994
upsilon_to_leptons,10000,60000995
upsilon_to_leptons,10000,60000996
upsilon_to_leptons,10000,60000997
upsilon_to_leptons,10000,60000998
upsilon_to_leptons,10000,60000999
upsilon_to_leptons,10000,60001000
upsilon_to_leptons,10000,60001001
upsilon_to_leptons,10000,60001002
upsilon_to_leptons,10000,60001003
upsilon_to_leptons,10000,60001004
upsilon_to_leptons,10000,60001005
upsilon_to_leptons,10000,60001006
upsilon_to_leptons,10000,60001007
upsilon_to_leptons,10000,60001008
upsilon_to_leptons,10000,60001009
upsilon_to_leptons,10000,60001010
upsilon_to_leptons,10000,60001011
upsilon_to_leptons,10000,60001012
upsilon_to_leptons,10000,60001013
upsilon_to_leptons,10000,60001014
upsilon_to_leptons,10000,60001015
upsilon_to_leptons,10000,60001016
upsilon_to_leptons,10000,60001017
upsilon_to_leptons,10000,60001018
upsilon_to_leptons,10000,60001019
upsilon_to_leptons,10000,60001020
upsilon_to_leptons,10000,60001021
upsilon_to_leptons,10000,60001022
upsilon_to_leptons,10000,60001023
upsilon_to_leptons,10000,60001024
upsilon_to_leptons,10000,60001025
upsilon_to_leptons,10000,60001026
upsilon_to_leptons,10000,60001027
upsilon_to_leptons,10000,60001028
upsilon_to_leptons,10000,60001029
upsilon_to_leptons,10000,60001030
upsilon_to_leptons,10000,60001031
upsilon_to_leptons,10000,60001032
upsilon_to_leptons,10000,60001033
upsilon_to_leptons,10000,60001034
upsilon_to_leptons,10000,60001035
upsilon_to_leptons,10000,60001036
upsilon_to_leptons,10000,60001037
upsilon_to_leptons,10000,60001038
upsilon_to_leptons,10000,60001039
upsilon_to_leptons,10000,60001040
upsilon_to_leptons,10000,60001041
upsilon_to_leptons,10000,60001042
upsilon_to_leptons,10000,60001043
upsilon_to_leptons,10000,60001044
upsilon_to_leptons,10000,60001045
upsilon_to_leptons,10000,60001046
upsilon_to_leptons,10000,60001047
upsilon_to_leptons,10000,60001048
upsilon_to_leptons,10000,60001049
upsilon_to_leptons,10000,60001050
upsilon_to_leptons,10000,60001051
upsilon_to_leptons,10000,60001052
upsilon_to_leptons,10000,60001053
upsilon_to_leptons,10000,60001054
upsilon_to_leptons,10000,60001055
upsilon_to_leptons,10000,60001056
upsilon_to_leptons,10000,60001057
upsilon_to_leptons,10000,60001058
upsilon_to_leptons,10000,60001059
upsilon_to_leptons,10000,60001060
upsilon_to_leptons,10000,60001061
upsilon_to_leptons,10000,60001062
upsilon_to_leptons,10000,60001063
upsilon_to_leptons,10000,60001064
upsilon_to_leptons,10000,60001065
upsilon_to_leptons,10000,60001066
upsilon_to_leptons,10000,60001067
upsilon_to_leptons,10000,60001068
upsilon_to_leptons,10000,60001069
upsilon_to_leptons,10000,60001070
upsilon_to_leptons,10000,60001071
upsilon_to_leptons,10000,60001072
upsilon_to_leptons,10000,60001073
upsilon_to_leptons,10000,60001074
upsilon_to_leptons,10000,60001075
upsilon_to_leptons,10000,60001076
upsilon_to_leptons,10000,60001077
upsilon_to_leptons,10000,60001078
upsilon_to_leptons,10000,60001079
upsilon_to_leptons,10000,60001080
upsilon_to_leptons,10000,60001081
upsilon_to_leptons,10000,60001082
upsilon_to_leptons,10000,60001083
upsilon_to_leptons,10000,60001084
upsilon_to_leptons,10000,60001085
upsilon_to_leptons,10000,60001086
upsilon_to_leptons,10000,60001087
upsilon_to_leptons,10000,60001088
upsilon_to_leptons,10000,60001089
upsilon_to_leptons,10000,60001090
upsilon_to_leptons,10000,60001091
upsilon_to_leptons,10000,60001092
upsilon_to_leptons,10000,60001093
upsilon_to_leptons,10000,60001094
upsilon_to_leptons,10000,60001095
upsilon_to_leptons,10000,60001096
upsilon_to_leptons,10000,60001097
upsilon_to_leptons,10000,60001098
upsilon_to_leptons,10000,60001099
upsilon_to_leptons,10000,60001100
upsilon_to_leptons,10000,60001101
upsilon_to_leptons,10000,60001102
upsilon_to_leptons,10000,60001103
upsilon_to_leptons,10000,60001104
upsilon_to_leptons,10000,60001105
upsilon_to_leptons,10000,60001106
upsilon_to_leptons,10000,60001107
upsilon_to_leptons,10000,60001108
upsilon_to_leptons,10000,60001109
upsilon_to_leptons,10000,60001110
upsilon_to_leptons,10000,60001111
upsilon_to_leptons,10000,60001112
upsilon_to_leptons,10000,60001113
upsilon_to_leptons,10000,60001114
upsilon_to_leptons,10000,60001115
upsilon_to_leptons,10000,60001116
upsilon_to_leptons,10000,60001117
upsilon_to_leptons,10000,60001118
upsilon_to_leptons,10000,60001119
upsilon_to_leptons,10000,60001120
upsilon_to_leptons,10000,60001121
upsilon_to_leptons,10000,60001122
upsilon_to_leptons,10000,60001123
upsilon_to_leptons,10000,60001124
upsilon_to_leptons,10000,60001125
upsilon_to_leptons,10000,60001126
upsilon_to_leptons,10000,60001127
upsilon_to_leptons,10000,60001128
upsilon_to_leptons,10000,60001129
upsilon_to_leptons,10000,60001130
upsilon_to_leptons,10000,60001131
upsilon_to_leptons,10000,60001132
upsilon_to_leptons,10000,60001133
upsilon_to_leptons,10000,60001134
upsilon_to_leptons,10000,60001135
upsilon_to_leptons,10000,60001136
upsilon_to_leptons,10000,60001137
upsilon_to_leptons,10000,60001138
upsilon_to_leptons,10000,60001139
upsilon_to_leptons,10000,60001140
upsilon_to_leptons,10000,60001141
upsilon_to_leptons,10000,60001142
upsilon_to_leptons,10000,60001143
upsilon_to_leptons,10000,60001144
upsilon_to_leptons,10000,60001145
upsilon_to_leptons,10000,60001146
upsilon_to_leptons,10000,60001147
upsilon_to_leptons,10000,60001148
upsilon_to_leptons,10000,60001149
upsilon_to_leptons,10000,60001150
upsilon_to_leptons,10000,60001151
upsilon_to_leptons,10000,60001152
upsilon_to_leptons,10000,60001153
upsilon_to_leptons,10000,60001154
upsilon_to_leptons,10000,60001155
upsilon_to_leptons,10000,60001156
upsilon_to_leptons,10000,60001157
upsilon_to_leptons,10000,60001158
upsilon_to_leptons,10000,60001159
upsilon_to_leptons,10000,60001160
upsilon_to_leptons,10000,60001161
upsilon_to_leptons,10000,60001162
upsilon_to_leptons,10000,60001163
upsilon_to_leptons,10000,60001164
upsilon_to_leptons,10000,60001165
upsilon_to_leptons,10000,60001166
upsilon_to_leptons,10000,60001167
upsilon_to_leptons,10000,60001168
upsilon_to_leptons,10000,60001169
upsilon_to_leptons,10000,60001170
upsilon_to_leptons,10000,60001171
upsilon_to_leptons,10000,60001172
upsilon_to_leptons,10000,60001173
upsilon_to_leptons,10000,60001174
upsilon_to_leptons,10000,60001175
upsilon_to_leptons,10000,60001176
upsilon_to_leptons,10000,60001177
upsilon_to_leptons,10000,60001178
upsilon_to_leptons,10000,60001179
upsilon_to_leptons,10000,60001180
upsilon_to_leptons,10000,60001181
upsilon_to_leptons,10000,60001182
upsilon_to_leptons,10000,60001183
upsilon_to_leptons,10000,60001184
upsilon_to_leptons,10000,60001185
upsilon_to_leptons,10000,60001186
upsilon_to_leptons,10000,60001187
upsilon_to_leptons,10000,60001188
upsilon_to_leptons,10000,60001189
upsilon_to_leptons,10000,60001190
upsilon_to_leptons,10000,60001191
upsilon_to_leptons,10000,60001192
upsilon_to_leptons,10000,60001193
upsilon_to_leptons,10000,60001194
upsilon_to_leptons,10000,60001195
upsilon_to_leptons,10000,60001196
upsilon_to_leptons,10000,60001197
upsilon_to_leptons,10000,60001198
upsilon_to_leptons,10000,60001199
upsilon_to_leptons,10000,60001200
upsilon_to_leptons,10000,60001201
upsilon_to_leptons,10000,60001202
upsilon_to_leptons,10000,60001203
upsilon_to_leptons,10000,60001204
upsilon_to_leptons,10000,60001205
upsilon_to_leptons,10000,60001206
upsilon_to_leptons,10000,60001207
upsilon_to_leptons,10000,60001208
upsilon_to_leptons,10000,60001209
upsilon_to_leptons,10000,60001210
upsilon_to_leptons,10000,60001211
upsilon_to_leptons,10000,60001212
upsilon_to_leptons,10000,60001213
upsilon_to_leptons,10000,60001214
upsilon_to_leptons,10000,60001215
upsilon_to_leptons,10000,60001216
upsilon_to_leptons,10000,60001217
upsilon_to_leptons,10000,60001218
upsilon_to_leptons,10000,60001219
upsilon_to_leptons,10000,60001220
upsilon_to_leptons,10000,60001221
upsilon_to_leptons,10000,60001222
upsilon_to_leptons,10000,60001223
upsilon_to_leptons,10000,60001224
upsilon_to_leptons,10000,60001225
upsilon_to_leptons,10000,60001226
upsilon_to_leptons,10000,60001227
upsilon_to_leptons,10000,60001228
upsilon_to_leptons,10000,60001229
upsilon_to_leptons,10000,60001230
upsilon_to_leptons,10000,60001231
upsilon_to_leptons,10000,60001232
upsilon_to_leptons,10000,60001233
upsilon_to_leptons,10000,60001234
upsilon_to_leptons,10000,60001235
upsilon_to_leptons,10000,60001236
upsilon_to_leptons,10000,60001237
upsilon_to_leptons,10000,60001238
upsilon_to_leptons,10000,60001239
upsilon_to_leptons,10000,60001240
upsilon_to_leptons,10000,60001241
upsilon_to_leptons,10000,60001242
upsilon_to_leptons,10000,60001243
upsilon_to_leptons,10000,60001244
upsilon_to_leptons,10000,60001245
upsilon_to_leptons,10000,60001246
upsilon_to_leptons,10000,60001247
upsilon_to_leptons,10000,60001248
upsilon_to_leptons,10000,60001249
upsilon_to_leptons,10000,60001250
upsilon_to_leptons,10000,60001251
upsilon_to_leptons,10000,60001252
upsilon_to_leptons,10000,60001253
upsilon_to_leptons,10000,60001254
upsilon_to_leptons,10000,60001255
upsilon_to_leptons,10000,60001256
upsilon_to_leptons,10000,60001257
upsilon_to_leptons,10000,60001258
upsilon_to_leptons,10000,60001259
upsilon_to_leptons,10000,60001260
upsilon_to_leptons,10000,60001261
upsilon_to_leptons,10000,60001262
upsilon_to_leptons,10000,60001263
upsilon_to_leptons,10000,60001264
upsilon_to_leptons,10000,60001265
upsilon_to_leptons,10000,60001266
upsilon_to_leptons,10000,60001267
upsilon_to_leptons,10000,60001268
upsilon_to_leptons,10000,60001269
upsilon_to_leptons,10000,60001270
upsilon_to_leptons,10000,60001271
upsilon_to_leptons,10000,60001272
upsilon_to_leptons,10000,60001273
upsilon_to_leptons,10000,60001274
upsilon_to_leptons,10000,60001275
upsilon_to_leptons,10000,60001276
upsilon_to_leptons,10000,60001277
upsilon_to_leptons,10000,60001278
upsilon_to_leptons,10000,60001279
upsilon_to_leptons,10000,60001280
upsilon_to_leptons,10000,60001281
upsilon_to_leptons,10000,60001282
upsilon_to_leptons,10000,60001283
upsilon_to_leptons,10000,60001284
upsilon_to_leptons,10000,60001285
upsilon_to_leptons,10000,60001286
upsilon_to_leptons,10000,60001287
upsilon_to_leptons,10000,60001288
upsilon_to_leptons,10000,60001289
upsilon_to_leptons,10000,60001290
upsilon_to_leptons,10000,60001291
upsilon_to_leptons,10000,60001292
upsilon_to_leptons,10000,60001293
upsilon_to_leptons,10000,60001294
upsilon_to_leptons,10000,60001295
upsilon_to_leptons,10000,60001296
upsilon_to_leptons,10000,60001297
upsilon_to_leptons,10000,60001298
upsilon_to_leptons,10000,60001299
upsilon_to_leptons,10000,60001300
upsilon_to_leptons,10000,60001301
upsilon_to_leptons,10000,60001302
upsilon_to_leptons,10000,60001303
upsilon_to_leptons,10000,60001304
upsilon_to_leptons,10000,60001305
upsilon_to_leptons,10000,60001306
upsilon_to_leptons,10000,60001307
upsilon_to_leptons,10000,60001308
upsilon_to_leptons,10000,60001309
upsilon_to_leptons,10000,60001310
upsilon_to_leptons,10000,60001311
upsilon_to_leptons,10000,60001312
upsilon_to_leptons,10000,60001313
upsilon_to_leptons,10000,60001314
upsilon_to_leptons,10000,60001315
upsilon_to_leptons,10000,60001316
upsilon_to_leptons,10000,60001317
upsilon_to_leptons,10000,60001318
upsilon_to_leptons,10000,60001319
upsilon_to_leptons,10000,60001320
upsilon_to_leptons,10000,60001321
upsilon_to_leptons,10000,60001322
upsilon_to_leptons,10000,60001323
upsilon_to_leptons,10000,60001324
upsilon_to_leptons,10000,60001325
upsilon_to_leptons,10000,60001326
upsilon_to_leptons,10000,60001327
upsilon_to_leptons,10000,60001328
upsilon_to_leptons,10000,60001329
upsilon_to_leptons,10000,60001330
upsilon_to_leptons,10000,60001331
upsilon_to_leptons,10000,60001332
upsilon_to_leptons,10000,60001333
upsilon_to_leptons,10000,60001334
upsilon_to_leptons,10000,60001335
upsilon_to_leptons,10000,60001336
upsilon_to_leptons,10000,60001337
upsilon_to_leptons,10000,60001338
upsilon_to_leptons,10000,60001339
upsilon_to_leptons,10000,60001340
upsilon_to_leptons,10000,60001341
upsilon_to_leptons,10000,60001342
upsilon_to_leptons,10000,60001343
upsilon_to_leptons,10000,60001344
upsilon_to_leptons,10000,60001345
upsilon_to_leptons,10000,60001346
upsilon_to_leptons,10000,60001347
upsilon_to_leptons,10000,60001348
upsilon_to_leptons,10000,60001349
upsilon_to_leptons,10000,60001350
upsilon_to_leptons,10000,60001351
upsilon_to_leptons,10000,60001352
upsilon_to_leptons,10000,60001353
upsilon_to_leptons,10000,60001354
upsilon_to_leptons,10000,60001355
upsilon_to_leptons,10000,60001356
upsilon_to_leptons,10000,60001357
upsilon_to_leptons,10000,60001358
upsilon_to_leptons,10000,60001359
upsilon_to_leptons,10000,60001360
upsilon_to_leptons,10000,60001361
upsilon_to_leptons,10000,60001362
upsilon_to_leptons,10000,60001363
upsilon_to_leptons,10000,60001364
upsilon_to_leptons,10000,60001365
upsilon_to_leptons,10000,60001366
upsilon_to_leptons,10000,60001367
upsilon_to_leptons,10000,60001368
upsilon_to_leptons,10000,60001369
upsilon_to_leptons,10000,60001370
upsilon_to_leptons,10000,60001371
upsilon_to_leptons,10000,60001372
upsilon_to_leptons,10000,60001373
upsilon_to_leptons,10000,60001374
upsilon_to_leptons,10000,60001375
upsilon_to_leptons,10000,60001376
upsilon_to_leptons,10000,60001377
upsilon_to_leptons,10000,60001378
upsilon_to_leptons,10000,60001379
upsilon_to_leptons,10000,60001380
upsilon_to_leptons,10000,60001381
upsilon_to_leptons,10000,60001382
upsilon_to_leptons,10000,60001383
upsilon_to_leptons,10000,60001384
upsilon_to_leptons,10000,60001385
upsilon_to_leptons,10000,60001386
upsilon_to_leptons,10000,60001387
upsilon_to_leptons,10000,60001388
upsilon_to_leptons,10000,60001389
upsilon_to_leptons,10000,60001390
upsilon_to_leptons,10000,60001391
upsilon_to_leptons,10000,60001392
upsilon_to_leptons,10000,60001393
upsilon_to_leptons,10000,60001394
upsilon_to_leptons,10000,60001395
upsilon_to_leptons,10000,60001396
upsilon_to_leptons,10000,60001397
upsilon_to_leptons,10000,60001398
upsilon_to_leptons,10000,60001399
upsilon_to_leptons,10000,60001400
upsilon_to_leptons,10000,60001401
upsilon_to_leptons,10000,60001402
upsilon_to_leptons,10000,60001403
upsilon_to_leptons,10000,60001404
upsilon_to_leptons,10000,60001405
upsilon_to_leptons,10000,60001406
upsilon_to_leptons,10000,60001407
upsilon_to_leptons,10000,60001408
upsilon_to_leptons,10000,60001409
upsilon_to_leptons,10000,60001410
upsilon_to_leptons,10000,60001411
upsilon_to_leptons,10000,60001412
upsilon_to_leptons,10000,60001413
upsilon_to_leptons,10000,60001414
upsilon_to_leptons,10000,60001415
upsilon_to_leptons,10000,60001416
upsilon_to_leptons,10000,60001417
upsilon_to_leptons,10000,60001418
upsilon_to_leptons,10000,60001419
upsilon_to_leptons,10000,60001420
upsilon_to_leptons,10000,60001421
upsilon_to_leptons,10000,60001422
upsilon_to_leptons,10000,60001423
upsilon_to_leptons,10000,60001424
upsilon_to_leptons,10000,60001425
upsilon_to_leptons,10000,60001426
upsilon_to_leptons,10000,60001427
upsilon_to_leptons,10000,60001428
upsilon_to_leptons,10000,60001429
upsilon_to_leptons,10000,60001430
upsilon_to_leptons,10000,60001431
upsilon_to_leptons,10000,60001432
upsilon_to_leptons,10000,60001433
upsilon_to_leptons,10000,60001434
upsilon_to_leptons,10000,60001435
upsilon_to_leptons,10000,60001436
upsilon_to_leptons,10000,60001437
upsilon_to_leptons,10000,60001438
upsilon_to_leptons,10000,60001439
upsilon_to_leptons,10000,60001440
upsilon_to_leptons,10000,60001441
upsilon_to_leptons,10000,60001442
upsilon_to_leptons,10000,60001443
upsilon_to_leptons,10000,60001444
upsilon_to_leptons,10000,60001445
upsilon_to_leptons,10000,60001446
upsilon_to_leptons,10000,60001447
upsilon_to_leptons,10000,60001448
upsilon_to_leptons,10000,60001449
upsilon_to_leptons,10000,60001450
upsilon_to_leptons,10000,60001451
upsilon_to_leptons,10000,60001452
upsilon_to_leptons,10000,60001453
upsilon_to_leptons,10000,60001454
upsilon_to_leptons,10000,60001455
upsilon_to_leptons,10000,60001456
upsilon_to_leptons,10000,60001457
upsilon_to_leptons,10000,60001458
upsilon_to_leptons,10000,60001459
upsilon_to_leptons,10000,60001460
upsilon_to_leptons,10000,60001461
upsilon_to_leptons,10000,60001462
upsilon_to_leptons,10000,60001463
upsilon_to_leptons,10000,60001464
upsilon_to_leptons,10000,60001465
upsilon_to_leptons,10000,60001466
upsilon_to_leptons,10000,60001467
upsilon_to_leptons,10000,60001468
upsilon_to_leptons,10000,60001469
upsilon_to_leptons,10000,60001470
upsilon_to_leptons,10000,60001471
upsilon_to_leptons,10000,60001472
upsilon_to_leptons,10000,60001473
upsilon_to_leptons,10000,60001474
upsilon_to_leptons,10000,60001475
upsilon_to_leptons,10000,60001476
upsilon_to_leptons,10000,60001477
upsilon_to_leptons,10000,60001478
upsilon_to_leptons,10000,60001479
upsilon_to_leptons,10000,60001480
upsilon_to_leptons,10000,60001481
upsilon_to_leptons,10000,60001482
upsilon_to_leptons,10000,60001483
upsilon_to_leptons,10000,60001484
upsilon_to_leptons,10000,60001485
upsilon_to_leptons,10000,60001486
upsilon_to_leptons,10000,60001487
upsilon_to_leptons,10000,60001488
upsilon_to_leptons,10000,60001489
upsilon_to_leptons,10000,60001490
upsilon_to_leptons,10000,60001491
upsilon_to_leptons,10000,60001492
upsilon_to_leptons,10000,60001493
upsilon_to_leptons,10000,60001494
upsilon_to_leptons,10000,60001495
upsilon_to_leptons,10000,60001496
upsilon_to_leptons,10000,60001497
upsilon_to_leptons,10000,60001498
upsilon_to_leptons,10000,60001499
upsilon_to_leptons,10000,60001500
upsilon_to_leptons,10000,60001501
upsilon_to_leptons,10000,60001502
upsilon_to_leptons,10000,60001503
upsilon_to_leptons,10000,60001504
upsilon_to_leptons,10000,60001505
upsilon_to_leptons,10000,60001506
upsilon_to_leptons,10000,60001507
upsilon_to_leptons,10000,60001508
upsilon_to_leptons,10000,60001509
upsilon_to_leptons,10000,60001510
upsilon_to_leptons,10000,60001511
upsilon_to_leptons,10000,60001512
upsilon_to_leptons,10000,60001513
upsilon_to_leptons,10000,60001514
upsilon_to_leptons,10000,60001515
upsilon_to_leptons,10000,60001516
upsilon_to_leptons,10000,60001517
upsilon_to_leptons,10000,60001518
upsilon_to_leptons,10000,60001519
upsilon_to_leptons,10000,60001520
upsilon_to_leptons,10000,60001521
upsilon_to_leptons,10000,60001522
upsilon_to_leptons,10000,60001523
upsilon_to_leptons,10000,60001524
upsilon_to_leptons,10000,60001525
upsilon_to_leptons,10000,60001526
upsilon_to_leptons,10000,60001527
upsilon_to_leptons,10000,60001528
upsilon_to_leptons,10000,60001529
upsilon_to_leptons,10000,60001530
upsilon_to_leptons,10000,60001531
upsilon_to_leptons,10000,60001532
upsilon_to_leptons,10000,60001533
upsilon_to_leptons,10000,60001534
upsilon_to_leptons,10000,60001535
upsilon_to_leptons,10000,60001536
upsilon_to_leptons,10000,60001537
upsilon_to_leptons,10000,60001538
upsilon_to_leptons,10000,60001539
upsilon_to_leptons,10000,60001540
upsilon_to_leptons,10000,60001541
upsilon_to_leptons,10000,60001542
upsilon_to_leptons,10000,60001543
upsilon_to_leptons,10000,60001544
upsilon_to_leptons,10000,60001545
upsilon_to_leptons,10000,60001546
upsilon_to_leptons,10000,60001547
upsilon_to_leptons,10000,60001548
upsilon_to_leptons,10000,60001549
upsilon_to_leptons,10000,60001550
upsilon_to_leptons,10000,60001551
upsilon_to_leptons,10000,60001552
upsilon_to_leptons,10000,60001553
upsilon_to_leptons,10000,60001554
upsilon_to_leptons,10000,60001555
upsilon_to_leptons,10000,60001556
upsilon_to_leptons,10000,60001557
upsilon_to_leptons,10000,60001558
upsilon_to_leptons,10000,60001559
upsilon_to_leptons,10000,60001560
upsilon_to_leptons,10000,60001561
upsilon_to_leptons,10000,60001562
upsilon_to_leptons,10000,60001563
upsilon_to_leptons,10000,60001564
upsilon_to_leptons,10000,60001565
upsilon_to_leptons,10000,60001566
upsilon_to_leptons,10000,60001567
upsilon_to_leptons,10000,60001568
upsilon_to_leptons,10000,60001569
upsilon_to_leptons,10000,60001570
upsilon_to_leptons,10000,60001571
upsilon_to_leptons,10000,60001572
upsilon_to_leptons,10000,60001573
upsilon_to_leptons,10000,60001574
upsilon_to_leptons,10000,60001575
upsilon_to_leptons,10000,60001576
upsilon_to_leptons,10000,60001577
upsilon_to_leptons,10000,60001578
upsilon_to_leptons,10000,60001579
upsilon_to_leptons,10000,60001580
upsilon_to_leptons,10000,60001581
upsilon_to_leptons,10000,60001582
upsilon_to_leptons,10000,60001583
upsilon_to_leptons,10000,60001584
upsilon_to_leptons,10000,60001585
upsilon_to_leptons,10000,60001586
upsilon_to_leptons,10000,60001587
upsilon_to_leptons,10000,60001588
upsilon_to_leptons,10000,60001589
upsilon_to_leptons,10000,60001590
upsilon_to_leptons,10000,60001591
upsilon_to_leptons,10000,60001592
upsilon_to_leptons,10000,60001593
upsilon_to_leptons,10000,60001594
upsilon_to_leptons,10000,60001595
upsilon_to_leptons,10000,60001596
upsilon_to_leptons,10000,60001597
upsilon_to_leptons,10000,60001598
upsilon_to_leptons,10000,60001599
upsilon_to_leptons,10000,60001600
upsilon_to_leptons,10000,60001601
upsilon_to_leptons,10000,60001602
upsilon_to_leptons,10000,60001603
upsilon_to_leptons,10000,60001604
upsilon_to_leptons,10000,60001605
upsilon_to_leptons,10000,60001606
upsilon_to_leptons,10000,60001607
upsilon_to_leptons,10000,60001608
upsilon_to_leptons,10000,60001609
upsilon_to_leptons,10000,60001610
upsilon_to_leptons,10000,60001611
upsilon_to_leptons,10000,60001612
upsilon_to_leptons,10000,60001613
upsilon_to_leptons,10000,60001614
upsilon_to_leptons,10000,60001615
upsilon_to_leptons,10000,60001616
upsilon_to_leptons,10000,60001617
upsilon_to_leptons,10000,60001618
upsilon_to_leptons,10000,60001619
upsilon_to_leptons,10000,60001620
upsilon_to_leptons,10000,60001621
upsilon_to_leptons,10000,60001622
upsilon_to_leptons,10000,60001623
upsilon_to_leptons,10000,60001624
upsilon_to_leptons,10000,60001625
upsilon_to_leptons,10000,60001626
upsilon_to_leptons,10000,60001627
upsilon_to_leptons,10000,60001628
upsilon_to_leptons,10000,60001629
upsilon_to_leptons,10000,60001630
upsilon_to_leptons,10000,60001631
upsilon_to_leptons,10000,60001632
upsilon_to_leptons,10000,60001633
upsilon_to_leptons,10000,60001634
upsilon_to_leptons,10000,60001635
upsilon_to_leptons,10000,60001636
upsilon_to_leptons,10000,60001637
upsilon_to_leptons,10000,60001638
upsilon_to_leptons,10000,60001639
upsilon_to_leptons,10000,60001640
upsilon_to_leptons,10000,60001641
upsilon_to_leptons,10000,60001642
upsilon_to_leptons,10000,60001643
upsilon_to_leptons,10000,60001644
upsilon_to_leptons,10000,60001645
upsilon_to_leptons,10000,60001646
upsilon_to_leptons,10000,60001647
upsilon_to_leptons,10000,60001648
upsilon_to_leptons,10000,60001649
upsilon_to_leptons,10000,60001650
upsilon_to_leptons,10000,60001651
upsilon_to_leptons,10000,60001652
upsilon_to_leptons,10000,60001653
upsilon_to_leptons,10000,60001654
upsilon_to_leptons,10000,60001655
upsilon_to_leptons,10000,60001656
upsilon_to_leptons,10000,60001657
upsilon_to_leptons,10000,60001658
upsilon_to_leptons,10000,60001659
upsilon_to_leptons,10000,60001660
upsilon_to_leptons,10000,60001661
upsilon_to_leptons,10000,60001662
upsilon_to_leptons,10000,60001663
upsilon_to_leptons,10000,60001664
upsilon_to_leptons,10000,60001665
upsilon_to_leptons,10000,60001666
upsilon_to_leptons,10000,60001667
upsilon_to_leptons,10000,60001668
upsilon_to_leptons,10000,60001669
upsilon_to_leptons,10000,60001670
upsilon_to_leptons,10000,60001671
upsilon_to_leptons,10000,60001672
upsilon_to_leptons,10000,60001673
upsilon_to_leptons,10000,60001674
upsilon_to_leptons,10000,60001675
upsilon_to_leptons,10000,60001676
upsilon_to_leptons,10000,60001677
upsilon_to_leptons,10000,60001678
upsilon_to_leptons,10000,60001679
upsilon_to_leptons,10000,60001680
upsilon_to_leptons,10000,60001681
upsilon_to_leptons,10000,60001682
upsilon_to_leptons,10000,60001683
upsilon_to_leptons,10000,60001684
upsilon_to_leptons,10000,60001685
upsilon_to_leptons,10000,60001686
upsilon_to_leptons,10000,60001687
upsilon_to_leptons,10000,60001688
upsilon_to_leptons,10000,60001689
upsilon_to_leptons,10000,60001690
upsilon_to_leptons,10000,60001691
upsilon_to_leptons,10000,60001692
upsilon_to_leptons,10000,60001693
upsilon_to_leptons,10000,60001694
upsilon_to_leptons,10000,60001695
upsilon_to_leptons,10000,60001696
upsilon_to_leptons,10000,60001697
upsilon_to_leptons,10000,60001698
upsilon_to_leptons,10000,60001699
upsilon_to_leptons,10000,60001700
upsilon_to_leptons,10000,60001701
upsilon_to_leptons,10000,60001702
upsilon_to_leptons,10000,60001703
upsilon_to_leptons,10000,60001704
upsilon_to_leptons,10000,60001705
upsilon_to_leptons,10000,60001706
upsilon_to_leptons,10000,60001707
upsilon_to_leptons,10000,60001708
upsilon_to_leptons,10000,60001709
upsilon_to_leptons,10000,60001710
upsilon_to_leptons,10000,60001711
upsilon_to_leptons,10000,60001712
upsilon_to_leptons,10000,60001713
upsilon_to_leptons,10000,60001714
upsilon_to_leptons,10000,60001715
upsilon_to_leptons,10000,60001716
upsilon_to_leptons,10000,60001717
upsilon_to_leptons,10000,60001718
upsilon_to_leptons,10000,60001719
upsilon_to_leptons,10000,60001720
upsilon_to_leptons,10000,60001721
upsilon_to_leptons,10000,60001722
upsilon_to_leptons,10000,60001723
upsilon_to_leptons,10000,60001724
upsilon_to_leptons,10000,60001725
upsilon_to_leptons,10000,60001726
upsilon_to_leptons,10000,60001727
upsilon_to_leptons,10000,60001728
upsilon_to_leptons,10000,60001729
upsilon_to_leptons,10000,60001730
upsilon_to_leptons,10000,60001731
upsilon_to_leptons,10000,60001732
upsilon_to_leptons,10000,60001733
upsilon_to_leptons,10000,60001734
upsilon_to_leptons,10000,60001735
upsilon_to_leptons,10000,60001736
upsilon_to_leptons,10000,60001737
upsilon_to_leptons,10000,60001738
upsilon_to_leptons,10000,60001739
upsilon_to_leptons,10000,60001740
upsilon_to_leptons,10000,60001741
upsilon_to_leptons,10000,60001742
upsilon_to_leptons,10000,60001743
upsilon_to_leptons,10000,60001744
upsilon_to_leptons,10000,60001745
upsilon_to_leptons,10000,60001746
upsilon_to_leptons,10000,60001747
upsilon_to_leptons,10000,60001748
upsilon_to_leptons,10000,60001749
upsilon_to_leptons,10000,60001750
upsilon_to_leptons,10000,60001751
upsilon_to_leptons,10000,60001752
upsilon_to_leptons,10000,60001753
upsilon_to_leptons,10000,60001754
upsilon_to_leptons,10000,60001755
upsilon_to_leptons,10000,60001756
upsilon_to_leptons,10000,60001757
upsilon_to_leptons,10000,60001758
upsilon_to_leptons,10000,60001759
upsilon_to_leptons,10000,60001760
upsilon_to_leptons,10000,60001761
upsilon_to_leptons,10000,60001762
upsilon_to_leptons,10000,60001763
upsilon_to_leptons,10000,60001764
upsilon_to_leptons,10000,60001765
upsilon_to_leptons,10000,60001766
upsilon_to_leptons,10000,60001767
upsilon_to_leptons,10000,60001768
upsilon_to_leptons,10000,60001769
upsilon_to_leptons,10000,60001770
upsilon_to_leptons,10000,60001771
upsilon_to_leptons,10000,60001772
upsilon_to_leptons,10000,60001773
upsilon_to_leptons,10000,60001774
upsilon_to_leptons,10000,60001775
upsilon_to_leptons,10000,60001776
upsilon_to_leptons,10000,60001777
upsilon_to_leptons,10000,60001778
upsilon_to_leptons,10000,60001779
upsilon_to_leptons,10000,60001780
upsilon_to_leptons,10000,60001781
upsilon_to_leptons,10000,60001782
upsilon_to_leptons,10000,60001783
upsilon_to_leptons,10000,60001784
upsilon_to_leptons,10000,60001785
upsilon_to_leptons,10000,60001786
upsilon_to_leptons,10000,60001787
upsilon_to_leptons,10000,60001788
upsilon_to_leptons,10000,60001789
upsilon_to_leptons,10000,60001790
upsilon_to_leptons,10000,60001791
upsilon_to_leptons,10000,60001792
upsilon_to_leptons,10000,60001793
upsilon_to_leptons,10000,60001794
upsilon_to_leptons,10000,60001795
upsilon_to_leptons,10000,60001796
upsilon_to_leptons,10000,60001797
upsilon_to_leptons,10000,60001798
upsilon_to_leptons,10000,60001799
upsilon_to_leptons,10000,60001800
upsilon_to_leptons,10000,60001801
upsilon_to_leptons,10000,60001802
upsilon_to_leptons,10000,60001803
upsilon_to_leptons,10000,60001804
upsilon_to_leptons,10000,60001805
upsilon_to_leptons,10000,60001806
upsilon_to_leptons,10000,60001807
upsilon_to_leptons,10000,60001808
upsilon_to_leptons,10000,60001809
upsilon_to_leptons,10000,60001810
upsilon_to_leptons,10000,60001811
upsilon_to_leptons,10000,60001812
upsilon_to_leptons,10000,60001813
upsilon_to_leptons,10000,60001814
upsilon_to_leptons,10000,60001815
upsilon_to_leptons,10000,60001816
upsilon_to_leptons,10000,60001817
upsilon_to_leptons,10000,60001818
upsilon_to_leptons,10000,60001819
upsilon_to_leptons,10000,60001820
upsilon_to_leptons,10000,60001821
upsilon_to_leptons,10000,60001822
upsilon_to_leptons,10000,60001823
upsilon_to_leptons,10000,60001824
upsilon_to_leptons,10000,60001825
upsilon_to_leptons,10000,60001826
upsilon_to_leptons,10000,60001827
upsilon_to_leptons,10000,60001828
upsilon_to_leptons,10000,60001829
upsilon_to_leptons,10000,60001830
upsilon_to_leptons,10000,60001831
upsilon_to_leptons,10000,60001832
upsilon_to_leptons,10000,60001833
upsilon_to_leptons,10000,60001834
upsilon_to_leptons,10000,60001835
upsilon_to_leptons,10000,60001836
upsilon_to_leptons,10000,60001837
upsilon_to_leptons,10000,60001838
upsilon_to_leptons,10000,60001839
upsilon_to_leptons,10000,60001840
upsilon_to_leptons,10000,60001841
upsilon_to_leptons,10000,60001842
upsilon_to_leptons,10000,60001843
upsilon_to_leptons,10000,60001844
upsilon_to_leptons,10000,60001845
upsilon_to_leptons,10000,60001846
upsilon_to_leptons,10000,60001847
upsilon_to_leptons,10000,60001848
upsilon_to_leptons,10000,60001849
upsilon_to_leptons,10000,60001850
upsilon_to_leptons,10000,60001851
upsilon_to_leptons,10000,60001852
upsilon_to_leptons,10000,60001853
upsilon_to_leptons,10000,60001854
upsilon_to_leptons,10000,60001855
upsilon_to_leptons,10000,60001856
upsilon_to_leptons,10000,60001857
upsilon_to_leptons,10000,60001858
upsilon_to_leptons,10000,60001859
upsilon_to_leptons,10000,60001860
upsilon_to_leptons,10000,60001861
upsilon_to_leptons,10000,60001862
upsilon_to_leptons,10000,60001863
upsilon_to_leptons,10000,60001864
upsilon_to_leptons,10000,60001865
upsilon_to_leptons,10000,60001866
upsilon_to_leptons,10000,60001867
upsilon_to_leptons,10000,60001868
upsilon_to_leptons,10000,60001869
upsilon_to_leptons,10000,60001870
upsilon_to_leptons,10000,60001871
upsilon_to_leptons,10000,60001872
upsilon_to_leptons,10000,60001873
upsilon_to_leptons,10000,60001874
upsilon_to_leptons,10000,60001875
upsilon_to_leptons,10000,60001876
upsilon_to_leptons,10000,60001877
upsilon_to_leptons,10000,60001878
upsilon_to_leptons,10000,60001879
upsilon_to_leptons,10000,60001880
upsilon_to_leptons,10000,60001881
upsilon_to_leptons,10000,60001882
upsilon_to_leptons,10000,60001883
upsilon_to_leptons,10000,60001884
upsilon_to_leptons,10000,60001885
upsilon_to_leptons,10000,60001886
upsilon_to_leptons,10000,60001887
upsilon_to_leptons,10000,60001888
upsilon_to_leptons,10000,60001889
upsilon_to_leptons,10000,60001890
upsilon_to_leptons,10000,60001891
upsilon_to_leptons,10000,60001892
upsilon_to_leptons,10000,60001893
upsilon_to_leptons,10000,60001894
upsilon_to_leptons,10000,60001895
upsilon_to_leptons,10000,60001896
upsilon_to_leptons,10000,60001897
upsilon_to_leptons,10000,60001898
upsilon_to_leptons,10000,60001899
upsilon_to_leptons,10000,60001900
upsilon_to_leptons,10000,60001901
upsilon_to_leptons,10000,60001902
upsilon_to_leptons,10000,60001903
upsilon_to_leptons,10000,60001904
upsilon_to_leptons,10000,60001905
upsilon_to_leptons,10000,60001906
upsilon_to_leptons,10000,60001907
upsilon_to_leptons,10000,60001908
upsilon_to_leptons,10000,60001909
upsilon_to_leptons,10000,60001910
upsilon_to_leptons,10000,60001911
upsilon_to_leptons,10000,60001912
upsilon_to_leptons,10000,60001913
upsilon_to_leptons,10000,60001914
upsilon_to_leptons,10000,60001915
upsilon_to_leptons,10000,60001916
upsilon_to_leptons,10000,60001917
upsilon_to_leptons,10000,60001918
upsilon_to_leptons,10000,60001919
upsilon_to_leptons,10000,60001920
upsilon_to_leptons,10000,60001921
upsilon_to_leptons,10000,60001922
upsilon_to_leptons,10000,60001923
upsilon_to_leptons,10000,60001924
upsilon_to_leptons,10000,60001925
upsilon_to_leptons,10000,60001926
upsilon_to_leptons,10000,60001927
upsilon_to_leptons,10000,60001928
upsilon_to_leptons,10000,60001929
upsilon_to_leptons,10000,60001930
upsilon_to_leptons,10000,60001931
upsilon_to_leptons,10000,60001932
upsilon_to_leptons,10000,60001933
upsilon_to_leptons,10000,60001934
upsilon_to_leptons,10000,60001935
upsilon_to_leptons,10000,60001936
upsilon_to_leptons,10000,60001937
upsilon_to_leptons,10000,60001938
upsilon_to_leptons,10000,60001939
upsilon_to_leptons,10000,60001940
upsilon_to_leptons,10000,60001941
upsilon_to_leptons,10000,60001942
upsilon_to_leptons,10000,60001943
upsilon_to_leptons,10000,60001944
upsilon_to_leptons,10000,60001945
upsilon_to_leptons,10000,60001946
upsilon_to_leptons,10000,60001947
upsilon_to_leptons,10000,60001948
upsilon_to_leptons,10000,60001949
upsilon_to_leptons,10000,60001950
upsilon_to_leptons,10000,60001951
upsilon_to_leptons,10000,60001952
upsilon_to_leptons,10000,60001953
upsilon_to_leptons,10000,60001954
upsilon_to_leptons,10000,60001955
upsilon_to_leptons,10000,60001956
upsilon_to_leptons,10000,60001957
upsilon_to_leptons,10000,60001958
upsilon_to_leptons,10000,60001959
upsilon_to_leptons,10000,60001960
upsilon_to_leptons,10000,60001961
upsilon_to_leptons,10000,60001962
upsilon_to_leptons,10000,60001963
upsilon_to_leptons,10000,60001964
upsilon_to_leptons,10000,60001965
upsilon_to_leptons,10000,60001966
upsilon_to_leptons,10000,60001967
upsilon_to_leptons,10000,60001968
upsilon_to_leptons,10000,60001969
upsilon_to_leptons,10000,60001970
upsilon_to_leptons,10000,60001971
upsilon_to_leptons,10000,60001972
upsilon_to_leptons,10000,60001973
upsilon_to_leptons,10000,60001974
upsilon_to_leptons,10000,60001975
upsilon_to_leptons,10000,60001976
upsilon_to_leptons,10000,60001977
upsilon_to_leptons,10000,60001978
upsilon_to_leptons,10000,60001979
upsilon_to_leptons,10000,60001980
upsilon_to_leptons,10000,60001981
upsilon_to_leptons,10000,60001982
upsilon_to_leptons,10000,60001983
upsilon_to_leptons,10000,60001984
upsilon_to_leptons,10000,60001985
upsilon_to_leptons,10000,60001986
upsilon_to_leptons,10000,60001987
upsilon_to_leptons,10000,60001988
upsilon_to_leptons,10000,60001989
upsilon_to_leptons,10000,60001990
upsilon_to_leptons,10000,60001991
upsilon_to_leptons,10000,60001992
upsilon_to_leptons,10000,60001993
upsilon_to_leptons,10000,60001994
upsilon_to_leptons,10000,60001995
upsilon_to_leptons,10000,60001996
upsilon_to_leptons,10000,60001997
upsilon_to_leptons,10000,60001998
upsilon_to_leptons,10000,60001999
upsilon_to_leptons,10000,60002000
upsilon_to_leptons,10000,60002001
upsilon_to_leptons,10000,60002002
upsilon_to_leptons,10000,60002003
upsilon_to_leptons,10000,60002004
upsilon_to_leptons,10000,60002005
upsilon_to_leptons,10000,60002006
upsilon_to_leptons,10000,60002007
upsilon_to_leptons,10000,60002008
upsilon_to_leptons,10000,60002009
upsilon_to_leptons,10000,60002010
upsilon_to_leptons,10000,60002011
upsilon_to_leptons,10000,60002012
upsilon_to_leptons,10000,60002013
upsilon_to_leptons,10000,60002014
upsilon_to_leptons,10000,60002015
upsilon_to_leptons,10000,60002016
upsilon_to_leptons,10000,60002017
upsilon_to_leptons,10000,60002018
upsilon_to_leptons,10000,60002019
upsilon_to_leptons,10000,60002020
upsilon_to_leptons,10000,60002021
upsilon_to_leptons,10000,60002022
upsilon_to_leptons,10000,60002023
upsilon_to_leptons,10000,60002024
upsilon_to_leptons,10000,60002025
upsilon_to_leptons,10000,60002026
upsilon_to_leptons,10000,60002027
upsilon_to_leptons,10000,60002028
upsilon_to_leptons,10000,60002029
upsilon_to_leptons,10000,60002030
upsilon_to_leptons,10000,60002031
upsilon_to_leptons,10000,60002032
upsilon_to_leptons,10000,60002033
upsilon_to_leptons,10000,60002034
upsilon_to_leptons,10000,60002035
upsilon_to_leptons,10000,60002036
upsilon_to_leptons,10000,60002037
upsilon_to_leptons,10000,60002038
upsilon_to_leptons,10000,60002039
upsilon_to_leptons,10000,60002040
upsilon_to_leptons,10000,60002041
upsilon_to_leptons,10000,60002042
upsilon_to_leptons,10000,60002043
upsilon_to_leptons,10000,60002044
upsilon_to_leptons,10000,60002045
upsilon_to_leptons,10000,60002046
upsilon_to_leptons,10000,60002047
upsilon_to_leptons,10000,60002048
upsilon_to_leptons,10000,60002049
upsilon_to_leptons,10000,60002050
upsilon_to_leptons,10000,60002051
upsilon_to_leptons,10000,60002052
upsilon_to_leptons,10000,60002053
upsilon_to_leptons,10000,60002054
upsilon_to_leptons,10000,60002055
upsilon_to_leptons,10000,60002056
upsilon_to_leptons,10000,60002057
upsilon_to_leptons,10000,60002058
upsilon_to_leptons,10000,60002059
upsilon_to_leptons,10000,60002060
upsilon_to_leptons,10000,60002061
upsilon_to_leptons,10000,60002062
upsilon_to_leptons,10000,60002063
upsilon_to_leptons,10000,60002064
upsilon_to_leptons,10000,60002065
upsilon_to_leptons,10000,60002066
upsilon_to_leptons,10000,60002067
upsilon_to_leptons,10000,60002068
upsilon_to_leptons,10000,60002069
upsilon_to_leptons,10000,60002070
upsilon_to_leptons,10000,60002071
upsilon_to_leptons,10000,60002072
upsilon_to_leptons,10000,60002073
upsilon_to_leptons,10000,60002074
upsilon_to_leptons,10000,60002075
upsilon_to_leptons,10000,60002076
upsilon_to_leptons,10000,60002077
upsilon_to_leptons,10000,60002078
upsilon_to_leptons,10000,60002079
upsilon_to_leptons,10000,60002080
upsilon_to_leptons,10000,60002081
upsilon_to_leptons,10000,60002082
upsilon_to_leptons,10000,60002083
upsilon_to_leptons,10000,60002084
upsilon_to_leptons,10000,60002085
upsilon_to_leptons,10000,60002086
upsilon_to_leptons,10000,60002087
upsilon_to_leptons,10000,60002088
upsilon_to_leptons,10000,60002089
upsilon_to_leptons,10000,60002090
upsilon_to_leptons,10000,60002091
upsilon_to_leptons,10000,60002092
upsilon_to_leptons,10000,60002093
upsilon_to_leptons,10000,60002094
upsilon_to_leptons,10000,60002095
upsilon_to_leptons,10000,60002096
upsilon_to_leptons,10000,60002097
upsilon_to_leptons,10000,60002098
upsilon_to_leptons,10000,60002099
upsilon_to_leptons,10000,60002100
upsilon_to_leptons,10000,60002101
upsilon_to_leptons,10000,60002102
upsilon_to_leptons,10000,60002103
upsilon_to_leptons,10000,60002104
upsilon_to_leptons,10000,60002105
upsilon_to_leptons,10000,60002106
upsilon_to_leptons,10000,60002107
upsilon_to_leptons,10000,60002108
upsilon_to_leptons,10000,60002109
upsilon_to_leptons,10000,60002110
upsilon_to_leptons,10000,60002111
upsilon_to_leptons,10000,60002112
upsilon_to_leptons,10000,60002113
upsilon_to_leptons,10000,60002114
upsilon_to_leptons,10000,60002115
upsilon_to_leptons,10000,60002116
upsilon_to_leptons,10000,60002117
upsilon_to_leptons,10000,60002118
upsilon_to_leptons,10000,60002119
upsilon_to_leptons,10000,60002120
upsilon_to_leptons,10000,60002121
upsilon_to_leptons,10000,60002122
upsilon_to_leptons,10000,60002123
upsilon_to_leptons,10000,60002124
upsilon_to_leptons,10000,60002125
upsilon_to_leptons,10000,60002126
upsilon_to_leptons,10000,60002127
upsilon_to_leptons,10000,60002128
upsilon_to_leptons,10000,60002129
upsilon_to_leptons,10000,60002130
upsilon_to_leptons,10000,60002131
upsilon_to_leptons,10000,60002132
upsilon_to_leptons,10000,60002133
upsilon_to_leptons,10000,60002134
upsilon_to_leptons,10000,60002135
upsilon_to_leptons,10000,60002136
upsilon_to_leptons,10000,60002137
upsilon_to_leptons,10000,60002138
upsilon_to_leptons,10000,60002139
upsilon_to_leptons,10000,60002140
upsilon_to_leptons,10000,60002141
upsilon_to_leptons,10000,60002142
upsilon_to_leptons,10000,60002143
upsilon_to_leptons,10000,60002144
upsilon_to_leptons,10000,60002145
upsilon_to_leptons,10000,60002146
upsilon_to_leptons,10000,60002147
upsilon_to_leptons,10000,60002148
upsilon_to_leptons,10000,60002149
upsilon_to_leptons,10000,60002150
upsilon_to_leptons,10000,60002151
upsilon_to_leptons,10000,60002152
upsilon_to_leptons,10000,60002153
upsilon_to_leptons,10000,60002154
upsilon_to_leptons,10000,60002155
upsilon_to_leptons,10000,60002156
upsilon_to_leptons,10000,60002157
upsilon_to_leptons,10000,60002158
upsilon_to_leptons,10000,60002159
upsilon_to_leptons,10000,60002160
upsilon_to_leptons,10000,60002161
upsilon_to_leptons,10000,60002162
upsilon_to_leptons,10000,60002163
upsilon_to_leptons,10000,60002164
upsilon_to_leptons,10000,60002165
upsilon_to_leptons,10000,60002166
upsilon_to_leptons,10000,60002167
upsilon_to_leptons,10000,60002168
upsilon_to_leptons,10000,60002169
upsilon_to_leptons,10000,60002170
upsilon_to_leptons,10000,60002171
upsilon_to_leptons,10000,60002172
upsilon_to_leptons,10000,60002173
upsilon_to_leptons,10000,60002174
upsilon_to_leptons,10000,60002175
upsilon_to_leptons,10000,60002176
upsilon_to_leptons,10000,60002177
upsilon_to_leptons,10000,60002178
upsilon_to_leptons,10000,60002179
upsilon_to_leptons,10000,60002180
upsilon_to_leptons,10000,60002181
upsilon_to_leptons,10000,60002182
upsilon_to_leptons,10000,60002183
upsilon_to_leptons,10000,60002184
upsilon_to_leptons,10000,60002185
upsilon_to_leptons,10000,60002186
upsilon_to_leptons,10000,60002187
upsilon_to_leptons,10000,60002188
upsilon_to_leptons,10000,60002189
upsilon_to_leptons,10000,60002190
upsilon_to_leptons,10000,60002191
upsilon_to_leptons,10000,60002192
upsilon_to_leptons,10000,60002193
upsilon_to_leptons,10000,60002194
upsilon_to_leptons,10000,60002195
upsilon_to_leptons,10000,60002196
upsilon_to_leptons,10000,60002197
upsilon_to_leptons,10000,60002198
upsilon_to_leptons,10000,60002199
upsilon_to_leptons,10000,60002200
upsilon_to_leptons,10000,60002201
upsilon_to_leptons,10000,60002202
upsilon_to_leptons,10000,60002203
upsilon_to_leptons,10000,60002204
upsilon_to_leptons,10000,60002205
upsilon_to_leptons,10000,60002206
upsilon_to_leptons,10000,60002207
upsilon_to_leptons,10000,60002208
upsilon_to_leptons,10000,60002209
upsilon_to_leptons,10000,60002210
upsilon_to_leptons,10000,60002211
upsilon_to_leptons,10000,60002212
upsilon_to_leptons,10000,60002213
upsilon_to_leptons,10000,60002214
upsilon_to_leptons,10000,60002215
upsilon_to_leptons,10000,60002216
upsilon_to_leptons,10000,60002217
upsilon_to_leptons,10000,60002218
upsilon_to_leptons,10000,60002219
upsilon_to_leptons,10000,60002220
upsilon_to_leptons,10000,60002221
upsilon_to_leptons,10000,60002222
upsilon_to_leptons,10000,60002223
upsilon_to_leptons,10000,60002224
upsilon_to_leptons,10000,60002225
upsilon_to_leptons,10000,60002226
upsilon_to_leptons,10000,60002227
upsilon_to_leptons,10000,60002228
upsilon_to_leptons,10000,60002229
upsilon_to_leptons,10000,60002230
upsilon_to_leptons,10000,60002231
upsilon_to_leptons,10000,60002232
upsilon_to_leptons,10000,60002233
upsilon_to_leptons,10000,60002234
upsilon_to_leptons,10000,60002235
upsilon_to_leptons,10000,60002236
upsilon_to_leptons,10000,60002237
upsilon_to_leptons,10000,60002238
upsilon_to_leptons,10000,60002239
upsilon_to_leptons,10000,60002240
upsilon_to_leptons,10000,60002241
upsilon_to_leptons,10000,60002242
upsilon_to_leptons,10000,60002243
upsilon_to_leptons,10000,60002244
upsilon_to_leptons,10000,60002245
upsilon_to_leptons,10000,60002246
upsilon_to_leptons,10000,60002247
upsilon_to_leptons,10000,60002248
upsilon_to_leptons,10000,60002249
upsilon_to_leptons,10000,60002250
upsilon_to_leptons,10000,60002251
upsilon_to_leptons,10000,60002252
upsilon_to_leptons,10000,60002253
upsilon_to_leptons,10000,60002254
upsilon_to_leptons,10000,60002255
upsilon_to_leptons,10000,60002256
upsilon_to_leptons,10000,60002257
upsilon_to_leptons,10000,60002258
upsilon_to_leptons,10000,60002259
upsilon_to_leptons,10000,60002260
upsilon_to_leptons,10000,60002261
upsilon_to_leptons,10000,60002262
upsilon_to_leptons,10000,60002263
upsilon_to_leptons,10000,60002264
upsilon_to_leptons,10000,60002265
upsilon_to_leptons,10000,60002266
upsilon_to_leptons,10000,60002267
upsilon_to_leptons,10000,60002268
upsilon_to_leptons,10000,60002269
upsilon_to_leptons,10000,60002270
upsilon_to_leptons,10000,60002271
upsilon_to_leptons,10000,60002272
upsilon_to_leptons,10000,60002273
upsilon_to_leptons,10000,60002274
upsilon_to_leptons,10000,60002275
upsilon_to_leptons,10000,60002276
upsilon_to_leptons,10000,60002277
upsilon_to_leptons,10000,60002278
upsilon_to_leptons,10000,60002279
upsilon_to_leptons,10000,60002280
upsilon_to_leptons,10000,60002281
upsilon_to_leptons,10000,60002282
upsilon_to_leptons,10000,60002283
upsilon_to_leptons,10000,60002284
upsilon_to_leptons,10000,60002285
upsilon_to_leptons,10000,60002286
upsilon_to_leptons,10000,60002287
upsilon_to_leptons,10000,60002288
upsilon_to_leptons,10000,60002289
upsilon_to_leptons,10000,60002290
upsilon_to_leptons,10000,60002291
upsilon_to_leptons,10000,60002292
upsilon_to_leptons,10000,60002293
upsilon_to_leptons,10000,60002294
upsilon_to_leptons,10000,60002295
upsilon_to_leptons,10000,60002296
upsilon_to_leptons,10000,60002297
upsilon_to_leptons,10000,60002298
upsilon_to_leptons,10000,60002299
upsilon_to_leptons,10000,60002300
upsilon_to_leptons,10000,60002301
upsilon_to_leptons,10000,60002302
upsilon_to_leptons,10000,60002303
upsilon_to_leptons,10000,60002304
upsilon_to_leptons,10000,60002305
upsilon_to_leptons,10000,60002306
upsilon_to_leptons,10000,60002307
upsilon_to_leptons,10000,60002308
upsilon_to_leptons,10000,60002309
upsilon_to_leptons,10000,60002310
upsilon_to_leptons,10000,60002311
upsilon_to_leptons,10000,60002312
upsilon_to_leptons,10000,60002313
upsilon_to_leptons,10000,60002314
upsilon_to_leptons,10000,60002315
upsilon_to_leptons,10000,60002316
upsilon_to_leptons,10000,60002317
upsilon_to_leptons,10000,60002318
upsilon_to_leptons,10000,60002319
upsilon_to_leptons,10000,60002320
upsilon_to_leptons,10000,60002321
upsilon_to_leptons,10000,60002322
upsilon_to_leptons,10000,60002323
upsilon_to_leptons,10000,60002324
upsilon_to_leptons,10000,60002325
upsilon_to_leptons,10000,60002326
upsilon_to_leptons,10000,60002327
upsilon_to_leptons,10000,60002328
upsilon_to_leptons,10000,60002329
upsilon_to_leptons,10000,60002330
upsilon_to_leptons,10000,60002331
upsilon_to_leptons,10000,60002332
upsilon_to_leptons,10000,60002333
upsilon_to_leptons,10000,60002334
upsilon_to_leptons,10000,60002335
upsilon_to_leptons,10000,60002336
upsilon_to_leptons,10000,60002337
upsilon_to_leptons,10000,60002338
upsilon_to_leptons,10000,60002339
upsilon_to_leptons,10000,60002340
upsilon_to_leptons,10000,60002341
upsilon_to_leptons,10000,60002342
upsilon_to_leptons,10000,60002343
upsilon_to_leptons,10000,60002344
upsilon_to_leptons,10000,60002345
upsilon_to_leptons,10000,60002346
upsilon_to_leptons,10000,60002347
upsilon_to_leptons,10000,60002348
upsilon_to_leptons,10000,60002349
upsilon_to_leptons,10000,60002350
upsilon_to_leptons,10000,60002351
upsilon_to_leptons,10000,60002352
upsilon_to_leptons,10000,60002353
upsilon_to_leptons,10000,60002354
upsilon_to_leptons,10000,60002355
upsilon_to_leptons,10000,60002356
upsilon_to_leptons,10000,60002357
upsilon_to_leptons,10000,60002358
upsilon_to_leptons,10000,60002359
upsilon_to_leptons,10000,60002360
upsilon_to_leptons,10000,60002361
upsilon_to_leptons,10000,60002362
upsilon_to_leptons,10000,60002363
upsilon_to_leptons,10000,60002364
upsilon_to_leptons,10000,60002365
upsilon_to_leptons,10000,60002366
upsilon_to_leptons,10000,60002367
upsilon_to_leptons,10000,60002368
upsilon_to_leptons,10000,60002369
upsilon_to_leptons,10000,60002370
upsilon_to_leptons,10000,60002371
upsilon_to_leptons,10000,60002372
upsilon_to_leptons,10000,60002373
upsilon_to_leptons,10000,60002374
upsilon_to_leptons,10000,60002375
upsilon_to_leptons,10000,60002376
upsilon_to_leptons,10000,60002377
upsilon_to_leptons,10000,60002378
upsilon_to_leptons,10000,60002379
upsilon_to_leptons,10000,60002380
upsilon_to_leptons,10000,60002381
upsilon_to_leptons,10000,60002382
upsilon_to_leptons,10000,60002383
upsilon_to_leptons,10000,60002384
upsilon_to_leptons,10000,60002385
upsilon_to_leptons,10000,60002386
upsilon_to_leptons,10000,60002387
upsilon_to_leptons,10000,60002388
upsilon_to_leptons,10000,60002389
upsilon_to_leptons,10000,60002390
upsilon_to_leptons,10000,60002391
upsilon_to_leptons,10000,60002392
upsilon_to_leptons,10000,60002393
upsilon_to_leptons,10000,60002394
upsilon_to_leptons,10000,60002395
upsilon_to_leptons,10000,60002396
upsilon_to_leptons,10000,60002397
upsilon_to_leptons,10000,60002398
upsilon_to_leptons,10000,60002399
upsilon_to_leptons,10000,60002400
upsilon_to_leptons,10000,60002401
upsilon_to_leptons,10000,60002402
upsilon_to_leptons,10000,60002403
upsilon_to_leptons,10000,60002404
upsilon_to_leptons,10000,60002405
upsilon_to_leptons,10000,60002406
upsilon_to_leptons,10000,60002407
upsilon_to_leptons,10000,60002408
upsilon_to_leptons,10000,60002409
upsilon_to_leptons,10000,60002410
upsilon_to_leptons,10000,60002411
upsilon_to_leptons,10000,60002412
upsilon_to_leptons,10000,60002413
upsilon_to_leptons,10000,60002414
upsilon_to_leptons,10000,60002415
upsilon_to_leptons,10000,60002416
upsilon_to_leptons,10000,60002417
upsilon_to_leptons,10000,60002418
upsilon_to_leptons,10000,60002419
upsilon_to_leptons,10000,60002420
upsilon_to_leptons,10000,60002421
upsilon_to_leptons,10000,60002422
upsilon_to_leptons,10000,60002423
upsilon_to_leptons,10000,60002424
upsilon_to_leptons,10000,60002425
upsilon_to_leptons,10000,60002426
upsilon_to_leptons,10000,60002427
upsilon_to_leptons,10000,60002428
upsilon_to_leptons,10000,60002429
upsilon_to_leptons,10000,60002430
upsilon_to_leptons,10000,60002431
upsilon_to_leptons,10000,60002432
upsilon_to_leptons,10000,60002433
upsilon_to_leptons,10000,60002434
upsilon_to_leptons,10000,60002435
upsilon_to_leptons,10000,60002436
upsilon_to_leptons,10000,60002437
upsilon_to_leptons,10000,60002438
upsilon_to_leptons,10000,60002439
upsilon_to_leptons,10000,60002440
upsilon_to_leptons,10000,60002441
upsilon_to_leptons,10000,60002442
upsilon_to_leptons,10000,60002443
upsilon_to_leptons,10000,60002444
upsilon_to_leptons,10000,60002445
upsilon_to_leptons,10000,60002446
upsilon_to_leptons,10000,60002447
upsilon_to_leptons,10000,60002448
upsilon_to_leptons,10000,60002449
upsilon_to_leptons,10000,60002450
upsilon_to_leptons,10000,60002451
upsilon_to_leptons,10000,60002452
upsilon_to_leptons,10000,60002453
upsilon_to_leptons,10000,60002454
upsilon_to_leptons,10000,60002455
upsilon_to_leptons,10000,60002456
upsilon_to_leptons,10000,60002457
upsilon_to_leptons,10000,60002458
upsilon_to_leptons,10000,60002459
upsilon_to_leptons,10000,60002460
upsilon_to_leptons,10000,60002461
upsilon_to_leptons,10000,60002462
upsilon_to_leptons,10000,60002463
upsilon_to_leptons,10000,60002464
upsilon_to_leptons,10000,60002465
upsilon_to_leptons,10000,60002466
upsilon_to_leptons,10000,60002467
upsilon_to_leptons,10000,60002468
upsilon_to_leptons,10000,60002469
upsilon_to_leptons,10000,60002470
upsilon_to_leptons,10000,60002471
upsilon_to_leptons,10000,60002472
upsilon_to_leptons,10000,60002473
upsilon_to_leptons,10000,60002474
upsilon_to_leptons,10000,60002475
upsilon_to_leptons,10000,60002476
upsilon_to_leptons,10000,60002477
upsilon_to_leptons,10000,60002478
upsilon_to_leptons,10000,60002479
upsilon_to_leptons,10000,60002480
upsilon_to_leptons,10000,60002481
upsilon_to_leptons,10000,60002482
upsilon_to_leptons,10000,60002483
upsilon_to_leptons,10000,60002484
upsilon_to_leptons,10000,60002485
upsilon_to_leptons,10000,60002486
upsilon_to_leptons,10000,60002487
upsilon_to_leptons,10000,60002488
upsilon_to_leptons,10000,60002489
upsilon_to_leptons,10000,60002490
upsilon_to_leptons,10000,60002491
upsilon_to_leptons,10000,60002492
upsilon_to_leptons,10000,60002493
upsilon_to_leptons,10000,60002494
upsilon_to_leptons,10000,60002495
upsilon_to_leptons,10000,60002496
upsilon_to_leptons,10000,60002497
upsilon_to_leptons,10000,60002498
upsilon_to_leptons,10000,60002499
upsilon_to_leptons,10000,60002500
upsilon_to_leptons,10000,60002501
upsilon_to_leptons,10000,60002502
upsilon_to_leptons,10000,60002503
upsilon_to_leptons,10000,60002504
upsilon_to_leptons,10000,60002505
upsilon_to_leptons,10000,60002506
upsilon_to_leptons,10000,60002507
upsilon_to_leptons,10000,60002508
upsilon_to_leptons,10000,60002509
upsilon_to_leptons,10000,60002510
upsilon_to_leptons,10000,60002511
upsilon_to_leptons,10000,60002512
upsilon_to_leptons,10000,60002513
upsilon_to_leptons,10000,60002514
upsilon_to_leptons,10000,60002515
upsilon_to_leptons,10000,60002516
upsilon_to_leptons,10000,60002517
upsilon_to_leptons,10000,60002518
upsilon_to_leptons,10000,60002519
upsilon_to_leptons,10000,60002520
upsilon_to_leptons,10000,60002521
upsilon_to_leptons,10000,60002522
upsilon_to_leptons,10000,60002523
upsilon_to_leptons,10000,60002524
upsilon_to_leptons,10000,60002525
upsilon_to_leptons,10000,60002526
upsilon_to_leptons,10000,60002527
upsilon_to_leptons,10000,60002528
upsilon_to_leptons,10000,60002529
upsilon_to_leptons,10000,60002530
upsilon_to_leptons,10000,60002531
upsilon_to_leptons,10000,60002532
upsilon_to_leptons,10000,60002533
upsilon_to_leptons,10000,60002534
upsilon_to_leptons,10000,60002535
upsilon_to_leptons,10000,60002536
upsilon_to_leptons,10000,60002537
upsilon_to_leptons,10000,60002538
upsilon_to_leptons,10000,60002539
upsilon_to_leptons,10000,60002540
upsilon_to_leptons,10000,60002541
upsilon_to_leptons,10000,60002542
upsilon_to_leptons,10000,60002543
upsilon_to_leptons,10000,60002544
upsilon_to_leptons,10000,60002545
upsilon_to_leptons,10000,60002546
upsilon_to_leptons,10000,60002547
upsilon_to_leptons,10000,60002548
upsilon_to_leptons,10000,60002549
upsilon_to_leptons,10000,60002550
upsilon_to_leptons,10000,60002551
upsilon_to_leptons,10000,60002552
upsilon_to_leptons,10000,60002553
upsilon_to_leptons,10000,60002554
upsilon_to_leptons,10000,60002555
upsilon_to_leptons,10000,60002556
upsilon_to_leptons,10000,60002557
upsilon_to_leptons,10000,60002558
upsilon_to_leptons,10000,60002559
upsilon_to_leptons,10000,60002560
upsilon_to_leptons,10000,60002561
upsilon_to_leptons,10000,60002562
upsilon_to_leptons,10000,60002563
upsilon_to_leptons,10000,60002564
upsilon_to_leptons,10000,60002565
upsilon_to_leptons,10000,60002566
upsilon_to_leptons,10000,60002567
upsilon_to_leptons,10000,60002568
upsilon_to_leptons,10000,60002569
upsilon_to_leptons,10000,60002570
upsilon_to_leptons,10000,60002571
upsilon_to_leptons,10000,60002572
upsilon_to_leptons,10000,60002573
upsilon_to_leptons,10000,60002574
upsilon_to_leptons,10000,60002575
upsilon_to_leptons,10000,60002576
upsilon_to_leptons,10000,60002577
upsilon_to_leptons,10000,60002578
upsilon_to_leptons,10000,60002579
upsilon_to_leptons,10000,60002580
upsilon_to_leptons,10000,60002581
upsilon_to_leptons,10000,60002582
upsilon_to_leptons,10000,60002583
upsilon_to_leptons,10000,60002584
upsilon_to_leptons,10000,60002585
upsilon_to_leptons,10000,60002586
upsilon_to_leptons,10000,60002587
upsilon_to_leptons,10000,60002588
upsilon_to_leptons,10000,60002589
upsilon_to_leptons,10000,60002590
upsilon_to_leptons,10000,60002591
upsilon_to_leptons,10000,60002592
upsilon_to_leptons,10000,60002593
upsilon_to_leptons,10000,60002594
upsilon_to_leptons,10000,60002595
upsilon_to_leptons,10000,60002596
upsilon_to_leptons,10000,60002597
upsilon_to_leptons,10000,60002598
upsilon_to_leptons,10000,60002599
upsilon_to_leptons,10000,60002600
upsilon_to_leptons,10000,60002601
upsilon_to_leptons,10000,60002602
upsilon_to_leptons,10000,60002603
upsilon_to_leptons,10000,60002604
upsilon_to_leptons,10000,60002605
upsilon_to_leptons,10000,60002606
upsilon_to_leptons,10000,60002607
upsilon_to_leptons,10000,60002608
upsilon_to_leptons,10000,60002609
upsilon_to_leptons,10000,60002610
upsilon_to_leptons,10000,60002611
upsilon_to_leptons,10000,60002612
upsilon_to_leptons,10000,60002613
upsilon_to_leptons,10000,60002614
upsilon_to_leptons,10000,60002615
upsilon_to_leptons,10000,60002616
upsilon_to_leptons,10000,60002617
upsilon_to_leptons,10000,60002618
upsilon_to_leptons,10000,60002619
upsilon_to_leptons,10000,60002620
upsilon_to_leptons,10000,60002621
upsilon_to_leptons,10000,60002622
upsilon_to_leptons,10000,60002623
upsilon_to_leptons,10000,60002624
upsilon_to_leptons,10000,60002625