m,index,BR,mass1,mass2
0.5,1,0.08132966054760707,0.096,0.096
0.5,2,0.031055877843894637,0.10566,0.10566
0.5,3,0.5795201897742236,0.134,0.134
0.5,4,0.2897600948871118,0.139,0.139
0.5,5,9.757737125835394e-7,0.000511,0.000511
0.5,6,7.708821491937195e-6,0.25,0.25
0.5,7,0.018325492351958357,0.25,0.25
0.9,1,0.07696354048958473,0.096,0.096
0.9,2,0.030608608556518972,0.10566,0.10566
0.9,3,0.563317897347036,0.134,0.134
0.9,4,0.281658948673518,0.139,0.139
0.9,5,7.794817682007258e-7,0.000511,0.000511
0.9,6,1.995207025208897e-5,0.45,0.45
0.9,7,0.04743027338132209,0.45,0.45
1.2,1,0.3776035502445215,0.096,0.096
1.2,2,0.15120486929932075,0.10566,0.10566
1.2,3,0.0466239292543772,0.134,0.134
1.2,4,0.0233119646271886,0.139,0.139
1.2,5,3.707727114260036e-6,0.000511,0.000511
1.2,6,0.00016872011870470467,0.6,0.6
1.2,7,0.40108325872877293,0.6,0.6
2.5,1,0.30203544616237005,0.9506401313901911,0.9506401313901911
2.5,2,0.25402105498720584,0.9506401313901911,1.1410596327901814
2.5,3,0.25402105498720584,1.1410596327901814,0.9506401313901911
2.5,4,0.1899224179783732,1.1410596327901814,1.1410596327901814
2.5,5,4.389876444596204e-9,0.096,0.096
2.5,6,1.7692625178511242e-9,0.10566,0.10566
2.5,7,5.2010283353963824e-11,0.134,0.134
2.5,8,2.6005141676981912e-11,0.139,0.139
2.5,9,4.182962811644722e-14,0.000511,0.000511
2.5,10,8.261526009859149e-12,1.25,1.25
2.5,11,1.963938740409639e-8,1.25,1.25
5.0,1,0.04386800510575793,0.9506401313901911,0.9506401313901911
5.0,2,0.04304983767224818,0.9506401313901911,1.1410596327901814
5.0,3,0.04051182886592067,0.9506401313901911,1.5906387344764967
5.0,4,0.036210109873840185,0.9506401313901911,2.1404524486747283
5.0,5,0.035461035826134316,0.9506401313901911,2.2213077479131753
5.0,6,0.025758669479442147,0.9506401313901911,3.054423060703704
5.0,7,0.04304983767224818,1.1410596327901814,0.9506401313901911
5.0,8,0.04220228783351356,1.1410596327901814,1.1410596327901814
5.0,9,0.039565532821504726,1.1410596327901814,1.5906387344764967
5.0,10,0.03506441241192467,1.1410596327901814,2.1404524486747283
5.0,11,0.03427557120142862,1.1410596327901814,2.2213077479131753
5.0,12,0.02383769745277051,1.1410596327901814,3.054423060703704
5.0,13,0.04051182886592067,1.5906387344764967,0.9506401313901911
5.0,14,0.039565532821504726,1.5906387344764967,1.1410596327901814
5.0,15,0.03659196133939957,1.5906387344764967,1.5906387344764967
5.0,16,0.03138337652598592,1.5906387344764967,2.1404524486747283
5.0,17,0.030448317467925156,1.5906387344764967,2.2213077479131753
5.0,18,0.016782767647425888,1.5906387344764967,3.054423060703704
5.0,19,0.036210109873840185,2.1404524486747283,0.9506401313901911
5.0,20,0.03506441241192467,2.1404524486747283,1.1410596327901814
5.0,21,0.03138337652598592,2.1404524486747283,1.5906387344764967
5.0,22,0.024506440215687958,2.1404524486747283,2.1404524486747283
5.0,23,0.023184931149412853,2.1404524486747283,2.2213077479131753
5.0,24,0.0,2.1404524486747283,3.054423060703704
5.0,25,0.035461035826134316,2.2213077479131753,0.9506401313901911
5.0,26,0.03427557120142862,2.2213077479131753,1.1410596327901814
5.0,27,0.030448317467925156,2.2213077479131753,1.5906387344764967
5.0,28,0.023184931149412853,2.2213077479131753,2.1404524486747283
5.0,29,0.021762836635563772,2.2213077479131753,2.2213077479131753
5.0,30,0.0,2.2213077479131753,3.054423060703704
5.0,31,0.025758669479442147,3.054423060703704,0.9506401313901911
5.0,32,0.02383769745277051,3.054423060703704,1.1410596327901814
5.0,33,0.016782767647425888,3.054423060703704,1.5906387344764967
5.0,34,0.0,3.054423060703704,2.1404524486747283
5.0,35,0.0,3.054423060703704,2.2213077479131753
5.0,36,0.0,3.054423060703704,3.054423060703704
5.0,37,2.035477015766844e-7,1.28,1.28
5.0,38,7.167240303753036e-8,1.78,1.78
5.0,39,1.802478158941934e-9,0.096,0.096
5.0,40,7.274851393377767e-10,0.10566,0.10566
5.0,41,4.927150701452564e-11,0.134,0.134
5.0,42,2.463575350726282e-11,0.139,0.139
5.0,43,1.7061191672945528e-14,0.000511,0.000511
5.0,44,1.3478623512785044e-11,2.5,2.5
5.0,45,1.4240678673953125e-8,2.5,2.5
9.5,1,0.01685928851051449,0.9506401313901911,0.9506401313901911
9.5,2,0.016781771657143247,0.9506401313901911,1.1410596327901814
9.5,3,0.01654266517527307,0.9506401313901911,1.5906387344764967
9.5,4,0.016142945376669014,0.9506401313901911,2.1404524486747283
9.5,5,0.016074184167435716,0.9506401313901911,2.2213077479131753
9.5,6,0.01521608400141502,0.9506401313901911,3.054423060703704
9.5,7,0.013508600349325361,0.9506401313901911,4.2470363416530965
9.5,8,0.013208804427632559,0.9506401313901911,4.4226586909057986
9.5,9,0.008556897271787331,0.9506401313901911,6.540332482412147
9.5,10,0.004959198353819293,0.9506401313901911,7.712793164539303
9.5,11,0.0036851986538135525,0.9506401313901911,8.043603507737743
9.5,12,0.016781771657143247,1.1410596327901814,0.9506401313901911
9.5,13,0.016703549820024827,1.1410596327901814,1.1410596327901814
9.5,14,0.01646222716484398,1.1410596327901814,1.5906387344764967
9.5,15,0.016058655973682584,1.1410596327901814,2.1404524486747283
9.5,16,0.015989212926680187,1.1410596327901814,2.2213077479131753
9.5,17,0.015122085308294243,1.1410596327901814,3.054423060703704
9.5,18,0.013393220997134287,1.1410596327901814,4.2470363416530965
9.5,19,0.013089098804165393,1.1410596327901814,4.4226586909057986
9.5,20,0.008330677004939105,1.1410596327901814,6.540332482412147
9.5,21,0.004504375923967066,1.1410596327901814,7.712793164539303
9.5,22,0.0030208442399143917,1.1410596327901814,8.043603507737743
9.5,23,0.01654266517527307,1.5906387344764967,0.9506401313901911
9.5,24,0.01646222716484398,1.5906387344764967,1.1410596327901814
9.5,25,0.016213932610496667,1.5906387344764967,1.5906387344764967
9.5,26,0.015798226097142334,1.5906387344764967,2.1404524486747283
9.5,27,0.015726632057825644,1.5906387344764967,2.2213077479131753
9.5,28,0.014830948430946286,1.5906387344764967,3.054423060703704
9.5,29,0.013033817902500043,1.5906387344764967,4.2470363416530965
9.5,30,0.0127157616627768,1.5906387344764967,4.4226586909057986
9.5,31,0.007595609971613317,1.5906387344764967,6.540332482412147
9.5,32,0.002662772441895269,1.5906387344764967,7.712793164539303
9.5,33,0.0,1.5906387344764967,8.043603507737743
9.5,34,0.016142945376669014,2.1404524486747283,0.9506401313901911
9.5,35,0.016058655973682584,2.1404524486747283,1.1410596327901814
9.5,36,0.015798226097142334,2.1404524486747283,1.5906387344764967
9.5,37,0.015361325499707932,2.1404524486747283,2.1404524486747283
9.5,38,0.015285965091817247,2.1404524486747283,2.2213077479131753
9.5,39,0.014339987914821285,2.1404524486747283,3.054423060703704
9.5,40,0.012420139852157102,2.1404524486747283,4.2470363416530965
9.5,41,0.012076546165015372,2.1404524486747283,4.4226586909057986
9.5,42,0.006195403774761522,2.1404524486747283,6.540332482412147
9.5,43,0.0,2.1404524486747283,7.712793164539303
9.5,44,0.0,2.1404524486747283,8.043603507737743
9.5,45,0.016074184167435716,2.2213077479131753,0.9506401313901911
9.5,46,0.015989212926680187,2.2213077479131753,1.1410596327901814
9.5,47,0.015726632057825644,2.2213077479131753,1.5906387344764967
9.5,48,0.015285965091817247,2.2213077479131753,2.1404524486747283
9.5,49,0.015209934042186676,2.2213077479131753,2.2213077479131753
9.5,50,0.014254961165603505,2.2213077479131753,3.054423060703704
9.5,51,0.012312808775050425,2.2213077479131753,4.2470363416530965
9.5,52,0.011964502172871216,2.2213077479131753,4.4226586909057986
9.5,53,0.005924026246153775,2.2213077479131753,6.540332482412147
9.5,54,0.0,2.2213077479131753,7.712793164539303
9.5,55,0.0,2.2213077479131753,8.043603507737743
9.5,56,0.01521608400141502,3.054423060703704,0.9506401313901911
9.5,57,0.015122085308294243,3.054423060703704,1.1410596327901814
9.5,58,0.014830948430946286,3.054423060703704,1.5906387344764967
9.5,59,0.014339987914821285,3.054423060703704,2.1404524486747283
9.5,60,0.014254961165603505,3.054423060703704,2.2213077479131753
9.5,61,0.0131780565443297,3.054423060703704,3.054423060703704
9.5,62,0.010921530564452971,3.054423060703704,4.2470363416530965
9.5,63,0.010504157260613212,3.054423060703704,4.4226586909057986
9.5,64,0.0,3.054423060703704,6.540332482412147
9.5,65,0.0,3.054423060703704,7.712793164539303
9.5,66,0.0,3.054423060703704,8.043603507737743
9.5,67,0.013508600349325361,4.2470363416530965,0.9506401313901911
9.5,68,0.013393220997134287,4.2470363416530965,1.1410596327901814
9.5,69,0.013033817902500043,4.2470363416530965,1.5906387344764967
9.5,70,0.012420139852157102,4.2470363416530965,2.1404524486747283
9.5,71,0.012312808775050425,4.2470363416530965,2.2213077479131753
9.5,72,0.010921530564452971,4.2470363416530965,3.054423060703704
9.5,73,0.007706199620701472,4.2470363416530965,4.2470363416530965
9.5,74,0.007034133917865514,4.2470363416530965,4.4226586909057986
9.5,75,0.0,4.2470363416530965,6.540332482412147
9.5,76,0.0,4.2470363416530965,7.712793164539303
9.5,77,0.0,4.2470363416530965,8.043603507737743
9.5,78,0.013208804427632559,4.4226586909057986,0.9506401313901911
9.5,79,0.013089098804165393,4.4226586909057986,1.1410596327901814
9.5,80,0.0127157616627768,4.4226586909057986,1.5906387344764967
9.5,81,0.012076546165015372,4.4226586909057986,2.1404524486747283
9.5,82,0.011964502172871216,4.4226586909057986,2.2213077479131753
9.5,83,0.010504157260613212,4.4226586909057986,3.054423060703704
9.5,84,0.007034133917865514,4.4226586909057986,4.2470363416530965
9.5,85,0.006277261756019347,4.4226586909057986,4.4226586909057986
9.5,86,0.0,4.4226586909057986,6.540332482412147
9.5,87,0.0,4.4226586909057986,7.712793164539303
9.5,88,0.0,4.4226586909057986,8.043603507737743
9.5,89,0.008556897271787331,6.540332482412147,0.9506401313901911
9.5,90,0.008330677004939105,6.540332482412147,1.1410596327901814
9.5,91,0.007595609971613317,6.540332482412147,1.5906387344764967
9.5,92,0.006195403774761522,6.540332482412147,2.1404524486747283
9.5,93,0.005924026246153775,6.540332482412147,2.2213077479131753
9.5,94,0.0,6.540332482412147,3.054423060703704
9.5,95,0.0,6.540332482412147,4.2470363416530965
9.5,96,0.0,6.540332482412147,4.4226586909057986
9.5,97,0.0,6.540332482412147,6.540332482412147
9.5,98,0.0,6.540332482412147,7.712793164539303
9.5,99,0.0,6.540332482412147,8.043603507737743
9.5,100,0.004959198353819293,7.712793164539303,0.9506401313901911
9.5,101,0.004504375923967066,7.712793164539303,1.1410596327901814
9.5,102,0.002662772441895269,7.712793164539303,1.5906387344764967
9.5,103,0.0,7.712793164539303,2.1404524486747283
9.5,104,0.0,7.712793164539303,2.2213077479131753
9.5,105,0.0,7.712793164539303,3.054423060703704
9.5,106,0.0,7.712793164539303,4.2470363416530965
9.5,107,0.0,7.712793164539303,4.4226586909057986
9.5,108,0.0,7.712793164539303,6.540332482412147
9.5,109,0.0,7.712793164539303,7.712793164539303
9.5,110,0.0,7.712793164539303,8.043603507737743
9.5,111,0.0036851986538135525,8.043603507737743,0.9506401313901911
9.5,112,0.0030208442399143917,8.043603507737743,1.1410596327901814
9.5,113,0.0,8.043603507737743,1.5906387344764967
9.5,114,0.0,8.043603507737743,2.1404524486747283
9.5,115,0.0,8.043603507737743,2.2213077479131753
9.5,116,0.0,8.043603507737743,3.054423060703704
9.5,117,0.0,8.043603507737743,4.2470363416530965
9.5,118,0.0,8.043603507737743,4.4226586909057986
9.5,119,0.0,8.043603507737743,6.540332482412147
9.5,120,0.0,8.043603507737743,7.712793164539303
9.5,121,0.0,8.043603507737743,8.043603507737743
9.5,122,4.806303239256932e-7,4.18,4.18
9.5,123,3.7562911940124625e-7,1.28,1.28
9.5,124,2.1606893346992347e-7,1.78,1.78
9.5,125,2.364429023250711e-9,0.096,0.096
9.5,126,9.546133487080848e-10,0.10566,0.10566
9.5,127,3.7672510144081523e-10,0.134,0.134
9.5,128,1.8836255072040762e-10,0.139,0.139
9.5,129,2.2344492713500362e-14,0.000511,0.000511
9.5,130,6.372558958123767e-11,4.75,4.75
9.5,131,1.6832127621819515e-8,4.75,4.75
12.0,1,0.012141124106615844,0.9506401313901911,0.9506401313901911
12.0,2,0.012106676102825443,0.9506401313901911,1.1410596327901814
12.0,3,0.012000443893025473,0.9506401313901911,1.5906387344764967
12.0,4,0.011822942640276378,0.9506401313901911,2.1404524486747283
12.0,5,0.011792420143404984,0.9506401313901911,2.2213077479131753
12.0,6,0.011411841243048225,0.9506401313901911,3.054423060703704
12.0,7,0.010656749090512872,0.9506401313901911,4.2470363416530965
12.0,8,0.01052455018822572,0.9506401313901911,4.4226586909057986
12.0,9,0.008500487703830543,0.9506401313901911,6.540332482412147
12.0,10,0.007028877587692386,0.9506401313901911,7.712793164539303
12.0,11,0.006565841827847691,0.9506401313901911,8.043603507737743
12.0,12,0.004669528329104641,0.9506401313901911,9.254811599803919
12.0,13,0.012106676102825443,1.1410596327901814,0.9506401313901911
12.0,14,0.012072033977702132,1.1410596327901814,1.1410596327901814
12.0,15,0.011965196114007091,1.1410596327901814,1.5906387344764967
12.0,16,0.011786658610694046,1.1410596327901814,2.1404524486747283
12.0,17,0.01175595478150101,1.1410596327901814,2.2213077479131753
12.0,18,0.01137303344952947,1.1410596327901814,3.054423060703704
12.0,19,0.010612798397769728,1.1410596327901814,4.2470363416530965
12.0,20,0.010479623138167712,1.1410596327901814,4.4226586909057986
12.0,21,0.008436811120951583,1.1410596327901814,6.540332482412147
12.0,22,0.0069447491822876685,1.1410596327901814,7.712793164539303
12.0,23,0.006473362580843577,1.1410596327901814,8.043603507737743
12.0,24,0.004525144899572381,1.1410596327901814,9.254811599803919
12.0,25,0.012000443893025473,1.5906387344764967,0.9506401313901911
12.0,26,0.011965196114007091,1.5906387344764967,1.1410596327901814
12.0,27,0.011856468100843455,1.5906387344764967,1.5906387344764967
12.0,28,0.011674694757840083,1.5906387344764967,2.1404524486747283
12.0,29,0.011643424447074682,1.5906387344764967,2.2213077479131753
12.0,30,0.011253178610557291,1.5906387344764967,3.054423060703704
12.0,31,0.01047681579208476,1.5906387344764967,4.2470363416530965
12.0,32,0.010340571083507895,1.5906387344764967,4.4226586909057986
12.0,33,0.008238257383024618,1.5906387344764967,6.540332482412147
12.0,34,0.006679771011587282,1.5906387344764967,7.712793164539303
12.0,35,0.0061806850231499455,1.5906387344764967,8.043603507737743
12.0,36,0.004049459742422889,1.5906387344764967,9.254811599803919
12.0,37,0.011822942640276378,2.1404524486747283,0.9506401313901911
12.0,38,0.011786658610694046,2.1404524486747283,1.1410596327901814
12.0,39,0.011674694757840083,2.1404524486747283,1.5906387344764967
12.0,40,0.011487375157447164,2.1404524486747283,2.1404524486747283
12.0,41,0.011455133013714168,2.1404524486747283,2.2213077479131753
12.0,42,0.011052297278355029,2.1404524486747283,3.054423060703704
12.0,43,0.01024804396513512,2.1404524486747283,4.2470363416530965
12.0,44,0.010106463039399915,2.1404524486747283,4.4226586909057986
12.0,45,0.007898577035475005,2.1404524486747283,6.540332482412147
12.0,46,0.006215949500184678,2.1404524486747283,7.712793164539303
12.0,47,0.005662474450869129,2.1404524486747283,8.043603507737743
12.0,48,0.00310387771435877,2.1404524486747283,9.254811599803919
12.0,49,0.011792420143404984,2.2213077479131753,0.9506401313901911
12.0,50,0.01175595478150101,2.2213077479131753,1.1410596327901814
12.0,51,0.011643424447074682,2.2213077479131753,1.5906387344764967
12.0,52,0.011455133013714168,2.2213077479131753,2.1404524486747283
12.0,53,0.011422720466325078,2.2213077479131753,2.2213077479131753
12.0,54,0.011017673969506168,2.2213077479131753,3.054423060703704
12.0,55,0.010208500552299228,2.2213077479131753,4.2470363416530965
12.0,56,0.010065974496622691,2.2213077479131753,4.4226586909057986
12.0,57,0.007839091884035589,2.2213077479131753,6.540332482412147
12.0,58,0.0061331819774384354,2.2213077479131753,7.712793164539303
12.0,59,0.005569084441296363,2.2213077479131753,8.043603507737743
12.0,60,0.002911594234976788,2.2213077479131753,9.254811599803919
12.0,61,0.011411841243048225,3.054423060703704,0.9506401313901911
12.0,62,0.01137303344952947,3.054423060703704,1.1410596327901814
12.0,63,0.011253178610557291,3.054423060703704,1.5906387344764967
12.0,64,0.011052297278355029,3.054423060703704,2.1404524486747283
12.0,65,0.011017673969506168,3.054423060703704,2.2213077479131753
12.0,66,0.010583855737821815,3.054423060703704,3.054423060703704
12.0,67,0.009710004266328415,3.054423060703704,4.2470363416530965
12.0,68,0.00955494349033123,3.054423060703704,4.4226586909057986
12.0,69,0.0070665647177796855,3.054423060703704,6.540332482412147
12.0,70,0.005002971293157585,3.054423060703704,7.712793164539303
12.0,71,0.004253750499032632,3.054423060703704,8.043603507737743
12.0,72,0.0,3.054423060703704,9.254811599803919
12.0,73,0.010656749090512872,4.2470363416530965,0.9506401313901911
12.0,74,0.010612798397769728,4.2470363416530965,1.1410596327901814
12.0,75,0.01047681579208476,4.2470363416530965,1.5906387344764967
12.0,76,0.01024804396513512,4.2470363416530965,2.1404524486747283
12.0,77,0.010208500552299228,4.2470363416530965,2.2213077479131753
12.0,78,0.009710004266328415,4.2470363416530965,3.054423060703704
12.0,79,0.008685882083391997,4.2470363416530965,4.2470363416530965
12.0,80,0.008500820787649606,4.2470363416530965,4.4226586909057986
12.0,81,0.0052872596007748265,4.2470363416530965,6.540332482412147
12.0,82,0.0009624554483202195,4.2470363416530965,7.712793164539303
12.0,83,0.0,4.2470363416530965,8.043603507737743
12.0,84,0.0,4.2470363416530965,9.254811599803919
12.0,85,0.01052455018822572,4.4226586909057986,0.9506401313901911
12.0,86,0.010479623138167712,4.4226586909057986,1.1410596327901814
12.0,87,0.010340571083507895,4.4226586909057986,1.5906387344764967
12.0,88,0.010106463039399915,4.4226586909057986,2.1404524486747283
12.0,89,0.010065974496622691,4.4226586909057986,2.2213077479131753
12.0,90,0.00955494349033123,4.4226586909057986,3.054423060703704
12.0,91,0.008500820787649606,4.4226586909057986,4.2470363416530965
12.0,92,0.008309605985475843,4.4226586909057986,4.4226586909057986
12.0,93,0.0049219105091983665,4.4226586909057986,6.540332482412147
12.0,94,0.0,4.4226586909057986,7.712793164539303
12.0,95,0.0,4.4226586909057986,8.043603507737743
12.0,96,0.0,4.4226586909057986,9.254811599803919
12.0,97,0.008500487703830543,6.540332482412147,0.9506401313901911
12.0,98,0.008436811120951583,6.540332482412147,1.1410596327901814
12.0,99,0.008238257383024618,6.540332482412147,1.5906387344764967
12.0,100,0.007898577035475005,6.540332482412147,2.1404524486747283
12.0,101,0.007839091884035589,6.540332482412147,2.2213077479131753
12.0,102,0.0070665647177796855,6.540332482412147,3.054423060703704
12.0,103,0.0052872596007748265,6.540332482412147,4.2470363416530965
12.0,104,0.0049219105091983665,6.540332482412147,4.4226586909057986
12.0,105,0.0,6.540332482412147,6.540332482412147
12.0,106,0.0,6.540332482412147,7.712793164539303
12.0,107,0.0,6.540332482412147,8.043603507737743
12.0,108,0.0,6.540332482412147,9.254811599803919
12.0,109,0.007028877587692386,7.712793164539303,0.9506401313901911
12.0,110,0.0069447491822876685,7.712793164539303,1.1410596327901814
12.0,111,0.006679771011587282,7.712793164539303,1.5906387344764967
12.0,112,0.006215949500184678,7.712793164539303,2.1404524486747283
12.0,113,0.0061331819774384354,7.712793164539303,2.2213077479131753
12.0,114,0.005002971293157585,7.712793164539303,3.054423060703704
12.0,115,0.0009624554483202195,7.712793164539303,4.2470363416530965
12.0,116,0.0,7.712793164539303,4.4226586909057986
12.0,117,0.0,7.712793164539303,6.540332482412147
12.0,118,0.0,7.712793164539303,7.712793164539303
12.0,119,0.0,7.712793164539303,8.043603507737743
12.0,120,0.0,7.712793164539303,9.254811599803919
12.0,121,0.006565841827847691,8.043603507737743,0.9506401313901911
12.0,122,0.006473362580843577,8.043603507737743,1.1410596327901814
12.0,123,0.0061806850231499455,8.043603507737743,1.5906387344764967
12.0,124,0.005662474450869129,8.043603507737743,2.1404524486747283
12.0,125,0.005569084441296363,8.043603507737743,2.2213077479131753
12.0,126,0.004253750499032632,8.043603507737743,3.054423060703704
12.0,127,0.0,8.043603507737743,4.2470363416530965
12.0,128,0.0,8.043603507737743,4.4226586909057986
12.0,129,0.0,8.043603507737743,6.540332482412147
12.0,130,0.0,8.043603507737743,7.712793164539303
12.0,131,0.0,8.043603507737743,8.043603507737743
12.0,132,0.0,8.043603507737743,9.254811599803919
12.0,133,0.004669528329104641,9.254811599803919,0.9506401313901911
12.0,134,0.004525144899572381,9.254811599803919,1.1410596327901814
12.0,135,0.004049459742422889,9.254811599803919,1.5906387344764967
12.0,136,0.00310387771435877,9.254811599803919,2.1404524486747283
12.0,137,0.002911594234976788,9.254811599803919,2.2213077479131753
12.0,138,0.0,9.254811599803919,3.054423060703704
12.0,139,0.0,9.254811599803919,4.2470363416530965
12.0,140,0.0,9.254811599803919,4.4226586909057986
12.0,141,0.0,9.254811599803919,6.540332482412147
12.0,142,0.0,9.254811599803919,7.712793164539303
12.0,143,0.0,9.254811599803919,8.043603507737743
12.0,144,0.0,9.254811599803919,9.254811599803919
12.0,145,1.888237269701597e-6,4.18,4.18
12.0,146,4.472035671774984e-7,1.28,1.28
12.0,147,2.692353459806051e-7,1.78,1.78
12.0,148,2.696526419440967e-9,0.096,0.096
12.0,149,1.0887468480496864e-9,0.10566,0.10566
12.0,150,7.331743100084969e-10,0.134,0.134
12.0,151,3.6658715500424847e-10,0.139,0.139
12.0,152,2.547707378509805e-14,0.000511,0.000511
12.0,153,1.1593329689033363e-10,6.0,6.0
12.0,154,3.062198500947141e-8,6.0,6.0
30.0,1,0.007373140094417911,0.9506401313901911,0.9506401313901911
30.0,2,0.0073698639050275485,0.9506401313901911,1.1410596327901814
30.0,3,0.007359762107192552,0.9506401313901911,1.5906387344764967
30.0,4,0.007342888246589269,0.9506401313901911,2.1404524486747283
30.0,5,0.007339987327183676,0.9506401313901911,2.2213077479131753
30.0,6,0.007303833203612577,0.9506401313901911,3.054423060703704
30.0,7,0.007232203593186777,0.9506401313901911,4.2470363416530965
30.0,8,0.007219678604634048,0.9506401313901911,4.4226586909057986
30.0,9,0.007028689696015602,0.9506401313901911,6.540332482412147
30.0,10,0.006891199116299314,0.9506401313901911,7.712793164539303
30.0,11,0.006848312054184091,0.9506401313901911,8.043603507737743
30.0,12,0.006675907883922152,0.9506401313901911,9.254811599803919
30.0,13,0.0073698639050275485,1.1410596327901814,0.9506401313901911
30.0,14,0.007366584807410359,1.1410596327901814,1.1410596327901814
30.0,15,0.007356474026054728,1.1410596327901814,1.5906387344764967
30.0,16,0.007339585104419613,1.1410596327901814,2.1404524486747283
30.0,17,0.0073366815887773995,1.1410596327901814,2.2213077479131753
30.0,18,0.007300494935340486,1.1410596327901814,3.054423060703704
30.0,19,0.0072287999153818,1.1410596327901814,4.2470363416530965
30.0,20,0.007216263356164281,1.1410596327901814,4.4226586909057986
30.0,21,0.007025092902479264,1.1410596327901814,6.540332482412147
30.0,22,0.0068874654013927,1.1410596327901814,7.712793164539303
30.0,23,0.006844534504873471,1.1410596327901814,8.043603507737743
30.0,24,0.006671948439503169,1.1410596327901814,9.254811599803919
30.0,25,0.007359762107192552,1.5906387344764967,0.9506401313901911
30.0,26,0.007356474026054728,1.5906387344764967,1.1410596327901814
30.0,27,0.007346335494395632,1.5906387344764967,1.5906387344764967
30.0,28,0.007329400048260393,1.5906387344764967,2.1404524486747283
30.0,29,0.007326488512596451,1.5906387344764967,2.2213077479131753
30.0,30,0.007290201369331994,1.5906387344764967,3.054423060703704
30.0,31,0.0072183042779434565,1.5906387344764967,4.2470363416530965
30.0,32,0.0072057319715918946,1.5906387344764967,4.4226586909057986
30.0,33,0.007014000578324638,1.5906387344764967,6.540332482412147
30.0,34,0.0068759499361830045,1.5906387344764967,7.712793164539303
30.0,35,0.006832883559111312,1.5906387344764967,8.043603507737743
30.0,36,0.006659735224602969,1.5906387344764967,9.254811599803919
30.0,37,0.007342888246589269,2.1404524486747283,0.9506401313901911
30.0,38,0.007339585104419613,2.1404524486747283,1.1410596327901814
30.0,39,0.007329400048260393,2.1404524486747283,1.5906387344764967
30.0,40,0.007312386599810295,2.1404524486747283,2.1404524486747283
30.0,41,0.007309461617623276,2.1404524486747283,2.2213077479131753
30.0,42,0.007273005984450395,2.1404524486747283,3.054423060703704
30.0,43,0.0072007700446757765,2.1404524486747283,4.2470363416530965
30.0,44,0.007188137789544877,2.1404524486747283,4.4226586909057986
30.0,45,0.00699546547352453,2.1404524486747283,6.540332482412147
30.0,46,0.006856704779756248,2.1404524486747283,7.712793164539303
30.0,47,0.006813411008716919,2.1404524486747283,8.043603507737743
30.0,48,0.00663931867684581,2.1404524486747283,9.254811599803919
30.0,49,0.007339987327183676,2.2213077479131753,0.9506401313901911
30.0,50,0.0073366815887773995,2.2213077479131753,1.1410596327901814
30.0,51,0.007326488512596451,2.2213077479131753,1.5906387344764967
30.0,52,0.007309461617623276,2.2213077479131753,2.1404524486747283
30.0,53,0.007306534317407073,2.2213077479131753,2.2213077479131753
30.0,54,0.007270049637617684,2.2213077479131753,3.054423060703704
30.0,55,0.0071977552776578,2.2213077479131753,4.2470363416530965
30.0,56,0.007185112686199207,2.2213077479131753,4.4226586909057986
30.0,57,0.006992278109753782,2.2213077479131753,6.540332482412147
30.0,58,0.006853394934218231,2.2213077479131753,7.712793164539303
30.0,59,0.006810061931936602,2.2213077479131753,8.043603507737743
30.0,60,0.006635806702095083,2.2213077479131753,9.254811599803919
30.0,61,0.007303833203612577,3.054423060703704,0.9506401313901911
30.0,62,0.007300494935340486,3.054423060703704,1.1410596327901814
30.0,63,0.007290201369331994,3.054423060703704,1.5906387344764967
30.0,64,0.007273005984450395,3.054423060703704,2.1404524486747283
30.0,65,0.007270049637617684,3.054423060703704,2.2213077479131753
30.0,66,0.007233200960927423,3.054423060703704,3.054423060703704
30.0,67,0.00716017438921863,3.054423060703704,4.2470363416530965
30.0,68,0.007147402230039815,3.054423060703704,4.4226586909057986
30.0,69,0.006952533008991164,3.054423060703704,6.540332482412147
30.0,70,0.006812113118649998,3.054423060703704,7.712793164539303
30.0,71,0.006768287739901047,3.054423060703704,8.043603507737743
30.0,72,0.006591987173116836,3.054423060703704,9.254811599803919
30.0,73,0.007232203593186777,4.2470363416530965,0.9506401313901911
30.0,74,0.0072287999153818,4.2470363416530965,1.1410596327901814
30.0,75,0.0072183042779434565,4.2470363416530965,1.5906387344764967
30.0,76,0.0072007700446757765,4.2470363416530965,2.1404524486747283
30.0,77,0.0071977552776578,4.2470363416530965,2.2213077479131753
30.0,78,0.00716017438921863,4.2470363416530965,3.054423060703704
30.0,79,0.007085674226039452,4.2470363416530965,4.2470363416530965
30.0,80,0.007072641213201148,4.2470363416530965,4.4226586909057986
30.0,81,0.006873671857467481,4.2470363416530965,6.540332482412147
30.0,82,0.006730150294848889,4.2470363416530965,7.712793164539303
30.0,83,0.006685330187417441,4.2470363416530965,8.043603507737743
30.0,84,0.0065048925560327285,4.2470363416530965,9.254811599803919
30.0,85,0.007219678604634048,4.4226586909057986,0.9506401313901911
30.0,86,0.007216263356164281,4.4226586909057986,1.1410596327901814
30.0,87,0.0072057319715918946,4.4226586909057986,1.5906387344764967
30.0,88,0.007188137789544877,4.4226586909057986,2.1404524486747283
30.0,89,0.007185112686199207,4.4226586909057986,2.2213077479131753
30.0,90,0.007147402230039815,4.4226586909057986,3.054423060703704
30.0,91,0.007072641213201148,4.4226586909057986,4.2470363416530965
30.0,92,0.007059562010843255,4.4226586909057986,4.4226586909057986
30.0,93,0.0068598660980123405,4.4226586909057986,6.540332482412147
30.0,94,0.006715794211665685,4.4226586909057986,7.712793164539303
30.0,95,0.0066707974805727535,4.4226586909057986,8.043603507737743
30.0,96,0.006489624572422732,4.4226586909057986,9.254811599803919
30.0,97,0.007028689696015602,6.540332482412147,0.9506401313901911
30.0,98,0.007025092902479264,6.540332482412147,1.1410596327901814
30.0,99,0.007014000578324638,6.540332482412147,1.5906387344764967
30.0,100,0.00699546547352453,6.540332482412147,2.1404524486747283
30.0,101,0.006992278109753782,6.540332482412147,2.2213077479131753
30.0,102,0.006952533008991164,6.540332482412147,3.054423060703704
30.0,103,0.006873671857467481,6.540332482412147,4.2470363416530965
30.0,104,0.0068598660980123405,6.540332482412147,4.4226586909057986
30.0,105,0.0066487194463643005,6.540332482412147,6.540332482412147
30.0,106,0.006495945828984347,6.540332482412147,7.712793164539303
30.0,107,0.006448150940351703,6.540332482412147,8.043603507737743
30.0,108,0.006255300378836616,6.540332482412147,9.254811599803919
30.0,109,0.006891199116299314,7.712793164539303,0.9506401313901911
30.0,110,0.0068874654013927,7.712793164539303,1.1410596327901814
30.0,111,0.0068759499361830045,7.712793164539303,1.5906387344764967
30.0,112,0.006856704779756248,7.712793164539303,2.1404524486747283
30.0,113,0.006853394934218231,7.712793164539303,2.2213077479131753
30.0,114,0.006812113118649998,7.712793164539303,3.054423060703704
30.0,115,0.006730150294848889,7.712793164539303,4.2470363416530965
30.0,116,0.006715794211665685,7.712793164539303,4.4226586909057986
30.0,117,0.006495945828984347,7.712793164539303,6.540332482412147
30.0,118,0.0063365224834256864,7.712793164539303,7.712793164539303
30.0,119,0.0062865822367527595,7.712793164539303,8.043603507737743
30.0,120,0.006084739972225531,7.712793164539303,9.254811599803919
30.0,121,0.006848312054184091,8.043603507737743,0.9506401313901911
30.0,122,0.006844534504873471,8.043603507737743,1.1410596327901814
30.0,123,0.006832883559111312,8.043603507737743,1.5906387344764967
30.0,124,0.006813411008716919,8.043603507737743,2.1404524486747283
30.0,125,0.006810061931936602,8.043603507737743,2.2213077479131753
30.0,126,0.006768287739901047,8.043603507737743,3.054423060703704
30.0,127,0.006685330187417441,8.043603507737743,4.2470363416530965
30.0,128,0.0066707974805727535,8.043603507737743,4.4226586909057986
30.0,129,0.006448150940351703,8.043603507737743,6.540332482412147
30.0,130,0.0062865822367527595,8.043603507737743,7.712793164539303
30.0,131,0.006235948497650933,8.043603507737743,8.043603507737743
30.0,132,0.0060311922232633075,8.043603507737743,9.254811599803919
30.0,133,0.006675907883922152,9.254811599803919,0.9506401313901911
30.0,134,0.006671948439503169,9.254811599803919,1.1410596327901814
30.0,135,0.006659735224602969,9.254811599803919,1.5906387344764967
30.0,136,0.00663931867684581,9.254811599803919,2.1404524486747283
30.0,137,0.006635806702095083,9.254811599803919,2.2213077479131753
30.0,138,0.006591987173116836,9.254811599803919,3.054423060703704
30.0,139,0.0065048925560327285,9.254811599803919,4.2470363416530965
30.0,140,0.006489624572422732,9.254811599803919,4.4226586909057986
30.0,141,0.006255300378836616,9.254811599803919,6.540332482412147
30.0,142,0.006084739972225531,9.254811599803919,7.712793164539303
30.0,143,0.0060311922232633075,9.254811599803919,8.043603507737743
30.0,144,0.005814150230666432,9.254811599803919,9.254811599803919
30.0,145,1.7011728232083113e-5,4.18,4.18
30.0,146,1.781208604132894e-6,1.28,1.28
30.0,147,1.136412349262675e-6,1.78,1.78
30.0,148,1.0129118146415285e-8,0.096,0.096
30.0,149,4.090001697890147e-9,0.10566,0.10566
30.0,150,1.8893395633401083e-8,0.134,0.134
30.0,151,9.446697816700541e-9,0.139,0.139
30.0,152,9.567013771145707e-14,0.000511,0.000511
30.0,153,2.7209154961809406e-9,15.0,15.0
30.0,154,7.186876917242085e-7,15.0,15.0
200.0,1,0.005868693386254257,0.9506401313901911,0.9506401313901911
200.0,2,0.005868634943395732,0.9506401313901911,1.1410596327901814
200.0,3,0.005868454741424363,0.9506401313901911,1.5906387344764967
200.0,4,0.005868153737531555,0.9506401313901911,2.1404524486747283
200.0,5,0.0058681019898429625,0.9506401313901911,2.2213077479131753
200.0,6,0.005867457066005748,0.9506401313901911,3.054423060703704
200.0,7,0.005866179362733204,0.9506401313901911,4.2470363416530965
200.0,8,0.005865955951863492,0.9506401313901911,4.4226586909057986
200.0,9,0.00586254944840318,0.9506401313901911,6.540332482412147
200.0,10,0.0058600973994895385,0.9506401313901911,7.712793164539303
200.0,11,0.005859332583913169,0.9506401313901911,8.043603507737743
200.0,12,0.005856258286852575,0.9506401313901911,9.254811599803919
200.0,13,0.005868634943395732,1.1410596327901814,0.9506401313901911
200.0,14,0.00586857649937324,1.1410596327901814,1.1410596327901814
200.0,15,0.005868396293812766,1.1410596327901814,1.5906387344764967
200.0,16,0.005868095283924333,1.1410596327901814,2.1404524486747283
200.0,17,0.005868043535204929,1.1410596327901814,2.2213077479131753
200.0,18,0.005867398598519333,1.1410596327901814,3.054423060703704
200.0,19,0.005866120869783628,1.1410596327901814,4.2470363416530965
200.0,20,0.005865897454460453,1.1410596327901814,4.4226586909057986
200.0,21,0.005862490883053017,1.1410596327901814,6.540332482412147
200.0,22,0.005860038785181188,1.1410596327901814,7.712793164539303
200.0,23,0.005859273954325944,1.1410596327901814,8.043603507737743
200.0,24,0.005856199595809248,1.1410596327901814,9.254811599803919
200.0,25,0.005868454741424363,1.5906387344764967,0.9506401313901911
200.0,26,0.005868396293812766,1.5906387344764967,1.1410596327901814
200.0,27,0.005868216077185239,1.5906387344764967,1.5906387344764967
200.0,28,0.005867915048809221,1.5906387344764967,2.1404524486747283
200.0,29,0.005867863296911295,1.5906387344764967,2.2213077479131753
200.0,30,0.00586721832060755,1.5906387344764967,3.054423060703704
200.0,31,0.005865940513355859,1.5906387344764967,4.2470363416530965
200.0,32,0.005865717084300378,1.5906387344764967,4.4226586909057986
200.0,33,0.005862310303377091,1.5906387344764967,6.540332482412147
200.0,34,0.005859858054542033,1.5906387344764967,7.712793164539303
200.0,35,0.00585909317657418,1.5906387344764967,8.043603507737743
200.0,36,0.005856018628556749,1.5906387344764967,9.254811599803919
200.0,37,0.005868153737531555,2.1404524486747283,0.9506401313901911
200.0,38,0.005868095283924333,2.1404524486747283,1.1410596327901814
200.0,39,0.005867915048809221,2.1404524486747283,1.5906387344764967
200.0,40,0.005867613989549569,2.1404524486747283,2.1404524486747283
200.0,41,0.005867562232341902,2.1404524486747283,2.2213077479131753
200.0,42,0.005866917189855776,2.1404524486747283,3.054423060703704
200.0,43,0.005865639251442604,2.1404524486747283,4.2470363416530965
200.0,44,0.00586541579944721,2.1404524486747283,4.4226586909057986
200.0,45,0.005862008668526233,2.1404524486747283,6.540332482412147
200.0,46,0.005859556167506008,2.1404524486747283,7.712793164539303
200.0,47,0.005858791210836191,2.1404524486747283,8.043603507737743
200.0,48,0.005855716346256345,2.1404524486747283,9.254811599803919
200.0,49,0.0058681019898429625,2.2213077479131753,0.9506401313901911
200.0,50,0.005868043535204929,2.2213077479131753,1.1410596327901814
200.0,51,0.005867863296911295,2.2213077479131753,1.5906387344764967
200.0,52,0.005867562232341902,2.2213077479131753,2.1404524486747283
200.0,53,0.005867510474221345,2.2213077479131753,2.2213077479131753
200.0,54,0.005866865420356658,2.2213077479131753,3.054423060703704
200.0,55,0.00586558745939324,2.2213077479131753,4.2470363416530965
200.0,56,0.005865364003453846,2.2213077479131753,4.4226586909057986
200.0,57,0.005861956812358687,2.2213077479131753,6.540332482412147
200.0,58,0.005859504267980922,2.2213077479131753,7.712793164539303
200.0,59,0.005858739297780081,2.2213077479131753,8.043603507737743
200.0,60,0.005855664378774477,2.2213077479131753,9.254811599803919
200.0,61,0.005867457066005748,3.054423060703704,0.9506401313901911
200.0,62,0.005867398598519333,3.054423060703704,1.1410596327901814
200.0,63,0.00586721832060755,3.054423060703704,1.5906387344764967
200.0,64,0.005866917189855776,3.054423060703704,2.1404524486747283
200.0,65,0.005866865420356658,3.054423060703704,2.2213077479131753
200.0,66,0.005866220224665786,3.054423060703704,3.054423060703704
200.0,67,0.005864941982628545,3.054423060703704,4.2470363416530965
200.0,68,0.005864718477529829,3.054423060703704,4.4226586909057986
200.0,69,0.005861310536403353,3.054423060703704,6.540332482412147
200.0,70,0.005858857451602473,3.054423060703704,7.712793164539303
200.0,71,0.0058580923127463215,3.054423060703704,8.043603507737743
200.0,72,0.005855016715359346,3.054423060703704,9.254811599803919
200.0,73,0.005866179362733204,4.2470363416530965,0.9506401313901911
200.0,74,0.005866120869783628,4.2470363416530965,1.1410596327901814
200.0,75,0.005865940513355859,4.2470363416530965,1.5906387344764967
200.0,76,0.005865639251442604,4.2470363416530965,2.1404524486747283
200.0,77,0.00586558745939324,4.2470363416530965,2.2213077479131753
200.0,78,0.005864941982628545,4.2470363416530965,3.054423060703704
200.0,79,0.005863663183553753,4.2470363416530965,4.2470363416530965
200.0,80,0.005863439581030125,4.2470363416530965,4.4226586909057986
200.0,81,0.0058600301534761905,4.2470363416530965,6.540332482412147
200.0,82,0.005857575997652985,4.2470363416530965,7.712793164539303
200.0,83,0.005856810524551935,4.2470363416530965,8.043603507737743
200.0,84,0.005853733582732885,4.2470363416530965,9.254811599803919
200.0,85,0.005865955951863492,4.4226586909057986,0.9506401313901911
200.0,86,0.005865897454460453,4.4226586909057986,1.1410596327901814
200.0,87,0.005865717084300378,4.4226586909057986,1.5906387344764967
200.0,88,0.00586541579944721,4.4226586909057986,2.1404524486747283
200.0,89,0.005865364003453846,4.4226586909057986,2.2213077479131753
200.0,90,0.005864718477529829,4.4226586909057986,3.054423060703704
200.0,91,0.005863439581030125,4.4226586909057986,4.2470363416530965
200.0,92,0.005863215961467045,4.4226586909057986,4.4226586909057986
200.0,93,0.005859806273939378,4.4226586909057986,6.540332482412147
200.0,94,0.005857351930796024,4.4226586909057986,7.712793164539303
200.0,95,0.00585658639923604,4.4226586909057986,8.043603507737743
200.0,96,0.005853509222277754,4.4226586909057986,9.254811599803919
200.0,97,0.00586254944840318,6.540332482412147,0.9506401313901911
200.0,98,0.005862490883053017,6.540332482412147,1.1410596327901814
200.0,99,0.005862310303377091,6.540332482412147,1.5906387344764967
200.0,100,0.005862008668526233,6.540332482412147,2.1404524486747283
200.0,101,0.005861956812358687,6.540332482412147,2.2213077479131753
200.0,102,0.005861310536403353,6.540332482412147,3.054423060703704
200.0,103,0.0058600301534761905,6.540332482412147,4.2470363416530965
200.0,104,0.005859806273939378,6.540332482412147,4.4226586909057986
200.0,105,0.005856392619946651,6.540332482412147,6.540332482412147
200.0,106,0.0058539354188232,6.540332482412147,7.712793164539303
200.0,107,0.005853168995343255,6.540332482412147,8.043603507737743
200.0,108,0.0058500882308143345,6.540332482412147,9.254811599803919
200.0,109,0.0058600973994895385,7.712793164539303,0.9506401313901911
200.0,110,0.005860038785181188,7.712793164539303,1.1410596327901814
200.0,111,0.005859858054542033,7.712793164539303,1.5906387344764967
200.0,112,0.005859556167506008,7.712793164539303,2.1404524486747283
200.0,113,0.005859504267980922,7.712793164539303,2.2213077479131753
200.0,114,0.005858857451602473,7.712793164539303,3.054423060703704
200.0,115,0.005857575997652985,7.712793164539303,4.2470363416530965
200.0,116,0.005857351930796024,7.712793164539303,4.4226586909057986
200.0,117,0.0058539354188232,7.712793164539303,6.540332482412147
200.0,118,0.0058514761584186285,7.712793164539303,7.712793164539303
200.0,119,0.005850709092276418,7.712793164539303,8.043603507737743
200.0,120,0.005847625742762954,7.712793164539303,9.254811599803919
200.0,121,0.005859332583913169,8.043603507737743,0.9506401313901911
200.0,122,0.005859273954325944,8.043603507737743,1.1410596327901814
200.0,123,0.00585909317657418,8.043603507737743,1.5906387344764967
200.0,124,0.005858791210836191,8.043603507737743,2.1404524486747283
200.0,125,0.005858739297780081,8.043603507737743,2.2213077479131753
200.0,126,0.0058580923127463215,8.043603507737743,3.054423060703704
200.0,127,0.005856810524551935,8.043603507737743,4.2470363416530965
200.0,128,0.00585658639923604,8.043603507737743,4.4226586909057986
200.0,129,0.005853168995343255,8.043603507737743,6.540332482412147
200.0,130,0.005850709092276418,8.043603507737743,7.712793164539303
200.0,131,0.00584994182557148,8.043603507737743,8.043603507737743
200.0,132,0.005846857669332688,8.043603507737743,9.254811599803919
200.0,133,0.005856258286852575,9.254811599803919,0.9506401313901911
200.0,134,0.005856199595809248,9.254811599803919,1.1410596327901814
200.0,135,0.005856018628556749,9.254811599803919,1.5906387344764967
200.0,136,0.005855716346256345,9.254811599803919,2.1404524486747283
200.0,137,0.005855664378774477,9.254811599803919,2.2213077479131753
200.0,138,0.005855016715359346,9.254811599803919,3.054423060703704
200.0,139,0.005853733582732885,9.254811599803919,4.2470363416530965
200.0,140,0.005853509222277754,9.254811599803919,4.4226586909057986
200.0,141,0.0058500882308143345,9.254811599803919,6.540332482412147
200.0,142,0.005847625742762954,9.254811599803919,7.712793164539303
200.0,143,0.005846857669332688,9.254811599803919,8.043603507737743
200.0,144,0.0058437702681922886,9.254811599803919,9.254811599803919
200.0,145,0.0006762718436592166,4.18,4.18
200.0,146,6.356545521333181e-5,1.28,1.28
200.0,147,4.096569030994343e-5,1.78,1.78
200.0,148,3.576430820537197e-7,0.096,0.096
200.0,149,1.444133005439978e-7,0.10566,0.10566
200.0,150,3.016043509178313e-5,0.134,0.134
200.0,151,1.5080217545891565e-5,0.139,0.139
200.0,152,3.377757824261293e-12,0.000511,0.000511
200.0,153,0.10267807464216436,80.37,80.37
200.0,154,0.05133903732108218,91.19,91.19
200.0,155,4.2695749794681235e-6,100.0,100.0
200.0,156,0.0011277421114122416,100.0,100.0
400.0,1,0.0009253205336769311,0.9506401313901911,0.9506401313901911
400.0,2,0.0009253182301526194,0.9506401313901911,1.1410596327901814
400.0,3,0.0009253111274948816,0.9506401313901911,1.5906387344764967
400.0,4,0.000925299263431438,0.9506401313901911,2.1404524486747283
400.0,5,0.0009252972237971558,0.9506401313901911,2.2213077479131753
400.0,6,0.0009252718041349991,0.9506401313901911,3.054423060703704
400.0,7,0.0009252214434827811,0.9506401313901911,4.2470363416530965
400.0,8,0.0009252126377473411,0.9506401313901911,4.4226586909057986
400.0,9,0.0009250783704778071,0.9506401313901911,6.540332482412147
400.0,10,0.000924981723020299,0.9506401313901911,7.712793164539303
400.0,11,0.0009249515778307869,0.9506401313901911,8.043603507737743
400.0,12,0.0009248304044815644,0.9506401313901911,9.254811599803919
400.0,13,0.0009253182301526194,1.1410596327901814,0.9506401313901911
400.0,14,0.0009253159266168392,1.1410596327901814,1.1410596327901814
400.0,15,0.0009253088239237378,1.1410596327901814,1.5906387344764967
400.0,16,0.0009252969598012236,1.1410596327901814,2.1404524486747283
400.0,17,0.0009252949201567854,1.1410596327901814,2.2213077479131753
400.0,18,0.0009252695003680592,1.1410596327901814,3.054423060703704
400.0,19,0.0009252191394650642,1.1410596327901814,4.2470363416530965
400.0,20,0.0009252103336857719,1.1410596327901814,4.4226586909057986
400.0,21,0.0009250760657474921,1.1410596327901814,6.540332482412147
400.0,22,0.0009249794178084909,1.1410596327901814,7.712793164539303
400.0,23,0.0009249492724687764,1.1410596327901814,8.043603507737743
400.0,24,0.0009248280985156925,1.1410596327901814,9.254811599803919
400.0,25,0.0009253111274948816,1.5906387344764967,0.9506401313901911
400.0,26,0.0009253088239237378,1.5906387344764967,1.1410596327901814
400.0,27,0.0009253017211215967,1.5906387344764967,1.5906387344764967
400.0,28,0.0009252898568169415,1.5906387344764967,2.1404524486747283
400.0,29,0.0009252878171411899,1.5906387344764967,2.2213077479131753
400.0,30,0.0009252623969621958,1.5906387344764967,3.054423060703704
400.0,31,0.0009252120352859508,1.5906387344764967,4.2470363416530965
400.0,32,0.0009252032293714443,1.5906387344764967,4.4226586909057986
400.0,33,0.0009250689593711402,1.5906387344764967,6.540332482412147
400.0,34,0.0009249723099474948,1.5906387344764967,7.712793164539303
400.0,35,0.000924942164144643,1.5906387344764967,8.043603507737743
400.0,36,0.000924820988329602,1.5906387344764967,9.254811599803919
400.0,37,0.000925299263431438,2.1404524486747283,0.9506401313901911
400.0,38,0.0009252969598012236,2.1404524486747283,1.1410596327901814
400.0,39,0.0009252898568169415,2.1404524486747283,1.5906387344764967
400.0,40,0.0009252779922080376,2.1404524486747283,2.1404524486747283
400.0,41,0.0009252759524799797,2.1404524486747283,2.2213077479131753
400.0,42,0.0009252505316490803,2.1404524486747283,3.054423060703704
400.0,43,0.0009252001686811956,2.1404524486747283,4.2470363416530965
400.0,44,0.000925191362540827,2.1404524486747283,4.4226586909057986
400.0,45,0.0009250570890961097,2.1404524486747283,6.540332482412147
400.0,46,0.0009249604371925086,2.1404524486747283,7.712793164539303
400.0,47,0.0009249302906160308,2.1404524486747283,8.043603507737743
400.0,48,0.0009248091116907695,2.1404524486747283,9.254811599803919
400.0,49,0.0009252972237971558,2.2213077479131753,0.9506401313901911
400.0,50,0.0009252949201567854,2.2213077479131753,1.1410596327901814
400.0,51,0.0009252878171411899,2.2213077479131753,1.5906387344764967
400.0,52,0.0009252759524799797,2.2213077479131753,2.1404524486747283
400.0,53,0.0009252739127429292,2.2213077479131753,2.2213077479131753
400.0,54,0.0009252484917999548,2.2213077479131753,3.054423060703704
400.0,55,0.0009251981286100117,2.2213077479131753,4.2470363416530965
400.0,56,0.0009251893224308128,2.2213077479131753,4.4226586909057986
400.0,57,0.0009250550483939335,2.2213077479131753,6.540332482412147
400.0,58,0.0009249583960639798,2.2213077479131753,7.712793164539303
400.0,59,0.0009249282493545005,2.2213077479131753,8.043603507737743
400.0,60,0.0009248070698945311,2.2213077479131753,9.254811599803919
400.0,61,0.0009252718041349991,3.054423060703704,0.9506401313901911
400.0,62,0.0009252695003680592,3.054423060703704,1.1410596327901814
400.0,63,0.0009252623969621958,3.054423060703704,1.5906387344764967
400.0,64,0.0009252505316490803,3.054423060703704,2.1404524486747283
400.0,65,0.0009252484917999548,3.054423060703704,2.2213077479131753
400.0,66,0.0009252230694601616,3.054423060703704,3.054423060703704
400.0,67,0.0009251727035026575,3.054423060703704,4.2470363416530965
400.0,68,0.0009251638968395098,3.054423060703704,4.4226586909057986
400.0,69,0.0009250296154223823,3.054423060703704,6.540332482412147
400.0,70,0.000924932957778696,3.054423060703704,7.712793164539303
400.0,71,0.0009249028094115896,3.054423060703704,8.043603507737743
400.0,72,0.000924781623287437,3.054423060703704,9.254811599803919
400.0,73,0.0009252214434827811,4.2470363416530965,0.9506401313901911
400.0,74,0.0009252191394650642,4.2470363416530965,1.1410596327901814
400.0,75,0.0009252120352859508,4.2470363416530965,1.5906387344764967
400.0,76,0.0009252001686811956,4.2470363416530965,2.1404524486747283
400.0,77,0.0009251981286100117,4.2470363416530965,2.2213077479131753
400.0,78,0.0009251727035026575,4.2470363416530965,3.054423060703704
400.0,79,0.0009251223320616969,4.2470363416530965,4.2470363416530965
400.0,80,0.0009251135244396868,4.2470363416530965,4.4226586909057986
400.0,81,0.0009249792283998401,4.2470363416530965,6.540332482412147
400.0,82,0.0009248825602278875,4.2470363416530965,7.712793164539303
400.0,83,0.0009248524085764723,4.2470363416530965,8.043603507737743
400.0,84,0.0009247312092483609,4.2470363416530965,9.254811599803919
400.0,85,0.0009252126377473411,4.4226586909057986,0.9506401313901911
400.0,86,0.0009252103336857719,4.4226586909057986,1.1410596327901814
400.0,87,0.0009252032293714443,4.4226586909057986,1.5906387344764967
400.0,88,0.000925191362540827,4.4226586909057986,2.1404524486747283
400.0,89,0.0009251893224308128,4.4226586909057986,2.2213077479131753
400.0,90,0.0009251638968395098,4.4226586909057986,3.054423060703704
400.0,91,0.0009251135244396868,4.4226586909057986,4.2470363416530965
400.0,92,0.0009251047166500056,4.4226586909057986,4.4226586909057986
400.0,93,0.0009249704180531618,4.4226586909057986,6.540332482412147
400.0,94,0.0009248737480401874,4.4226586909057986,7.712793164539303
400.0,95,0.0009248435958144627,4.4226586909057986,8.043603507737743
400.0,96,0.000924722394177445,4.4226586909057986,9.254811599803919
400.0,97,0.0009250783704778071,6.540332482412147,0.9506401313901911
400.0,98,0.0009250760657474921,6.540332482412147,1.1410596327901814
400.0,99,0.0009250689593711402,6.540332482412147,1.5906387344764967
400.0,100,0.0009250570890961097,6.540332482412147,2.1404524486747283
400.0,101,0.0009250550483939335,6.540332482412147,2.2213077479131753
400.0,102,0.0009250296154223823,6.540332482412147,3.054423060703704
400.0,103,0.0009249792283998401,6.540332482412147,4.2470363416530965
400.0,104,0.0009249704180531618,6.540332482412147,4.4226586909057986
400.0,105,0.0009248360804619432,6.540332482412147,6.540332482412147
400.0,106,0.0009247393823732604,6.540332482412147,7.712793164539303
400.0,107,0.0009247092213892749,6.540332482412147,8.043603507737743
400.0,108,0.0009245879845412798,6.540332482412147,9.254811599803919
400.0,109,0.000924981723020299,7.712793164539303,0.9506401313901911
400.0,110,0.0009249794178084909,7.712793164539303,1.1410596327901814
400.0,111,0.0009249723099474948,7.712793164539303,1.5906387344764967
400.0,112,0.0009249604371925086,7.712793164539303,2.1404524486747283
400.0,113,0.0009249583960639798,7.712793164539303,2.2213077479131753
400.0,114,0.000924932957778696,7.712793164539303,3.054423060703704
400.0,115,0.0009248825602278875,7.712793164539303,4.2470363416530965
400.0,116,0.0009248737480401874,7.712793164539303,4.4226586909057986
400.0,117,0.0009247393823732604,7.712793164539303,6.540332482412147
400.0,118,0.0009246426640702389,7.712793164539303,7.712793164539303
400.0,119,0.0009246124967803584,7.712793164539303,8.043603507737743
400.0,120,0.0009244912345806705,7.712793164539303,9.254811599803919
400.0,121,0.0009249515778307869,8.043603507737743,0.9506401313901911
400.0,122,0.0009249492724687764,8.043603507737743,1.1410596327901814
400.0,123,0.000924942164144643,8.043603507737743,1.5906387344764967
400.0,124,0.0009249302906160308,8.043603507737743,2.1404524486747283
400.0,125,0.0009249282493545005,8.043603507737743,2.2213077479131753
400.0,126,0.0009249028094115896,8.043603507737743,3.054423060703704
400.0,127,0.0009248524085764723,8.043603507737743,4.2470363416530965
400.0,128,0.0009248435958144627,8.043603507737743,4.4226586909057986
400.0,129,0.0009247092213892749,8.043603507737743,6.540332482412147
400.0,130,0.0009246124967803584,8.043603507737743,7.712793164539303
400.0,131,0.0009245823275233439,8.043603507737743,8.043603507737743
400.0,132,0.0009244610574151549,8.043603507737743,9.254811599803919
400.0,133,0.0009248304044815644,9.254811599803919,0.9506401313901911
400.0,134,0.0009248280985156925,9.254811599803919,1.1410596327901814
400.0,135,0.000924820988329602,9.254811599803919,1.5906387344764967
400.0,136,0.0009248091116907695,9.254811599803919,2.1404524486747283
400.0,137,0.0009248070698945311,9.254811599803919,2.2213077479131753
400.0,138,0.000924781623287437,9.254811599803919,3.054423060703704
400.0,139,0.0009247312092483609,9.254811599803919,4.2470363416530965
400.0,140,0.000924722394177445,9.254811599803919,4.4226586909057986
400.0,141,0.0009245879845412798,9.254811599803919,6.540332482412147
400.0,142,0.0009244912345806705,9.254811599803919,7.712793164539303
400.0,143,0.0009244610574151549,9.254811599803919,8.043603507737743
400.0,144,0.0009243397555122855,9.254811599803919,9.254811599803919
400.0,145,0.00042733844003785997,4.18,4.18
400.0,146,4.009565116107927e-5,1.28,1.28
400.0,147,2.5844680184686778e-5,1.78,1.78
400.0,148,2.255518175968968e-7,0.096,0.096
400.0,149,9.107596706265029e-8,0.10566,0.10566
400.0,150,7.61065626089379e-5,0.134,0.134
400.0,151,3.805328130446895e-5,0.139,0.139
400.0,152,2.1302205048001776e-12,0.000511,0.000511
400.0,153,0.5128064075003032,80.37,80.37
400.0,154,0.2564032037501516,91.19,91.19
400.0,155,0.09412286984520807,172.57,172.57
400.0,156,1.0770619613342702e-5,200.0,200.0
400.0,157,0.002844892375091239,200.0,200.0
