index,prob,mass1,mass2
1,0.006966959946888399,0.9506401313901911,0.9506401313901911
2,0.006966782621733614,0.9506401313901911,1.1410596327901814
3,0.006966235859586847,0.9506401313901911,1.5906387344764967
4,0.006965322564705882,0.9506401313901911,2.1404524486747283
5,0.0069651655537803295,0.9506401313901911,2.2213077479131753
6,0.006963208749634055,0.9506401313901911,3.054423060703704
7,0.0069593319891201625,0.9506401313901911,4.2470363416530965
8,0.006958654123991197,0.9506401313901911,4.4226586909057986
9,0.006948318233578277,0.9506401313901911,6.540332482412147
10,0.006940878312987791,0.9506401313901911,7.712793164539303
11,0.006938557736138102,0.9506401313901911,8.043603507737743
12,0.006929229809259962,0.9506401313901911,9.254811599803919
13,0.006966782621733614,1.1410596327901814,0.9506401313901911
14,0.006966605287552744,1.1410596327901814,1.1410596327901814
15,0.006966058497572173,1.1410596327901814,1.5906387344764967
16,0.006965145156188722,1.1410596327901814,2.1404524486747283
17,0.006964988137267373,1.1410596327901814,2.2213077479131753
18,0.006963031233440401,1.1410596327901814,3.054423060703704
19,0.00695915427527663,1.1410596327901814,4.2470363416530965
20,0.006958476375565272,1.1410596327901814,4.4226586909057986
21,0.00694813995701426,1.1410596327901814,6.540332482412147
22,0.006940699655288883,1.1410596327901814,7.712793164539303
23,0.006938378959392632,1.1410596327901814,8.043603507737743
24,0.006929050553183521,1.1410596327901814,9.254811599803919
25,0.006966235859586847,1.5906387344764967,0.9506401313901911
26,0.006966058497572173,1.5906387344764967,1.1410596327901814
27,0.006965511621760282,1.5906387344764967,1.5906387344764967
28,0.006964598136976736,1.5906387344764967,2.1404524486747283
29,0.006964441093398683,1.5906387344764967,2.2213077479131753
30,0.006962483882185518,1.5906387344764967,3.054423060703704
31,0.006958606314527045,1.5906387344764967,4.2470363416530965
32,0.006957928308173639,1.5906387344764967,4.4226586909057986
33,0.006947590260997725,1.5906387344764967,6.540332482412147
34,0.006940148783962105,1.5906387344764967,7.712793164539303
35,0.006937827720960439,1.5906387344764967,8.043603507737743
36,0.006928497836631693,1.5906387344764967,9.254811599803919
37,0.006965322564705882,2.1404524486747283,0.9506401313901911
38,0.006965145156188722,2.1404524486747283,1.1410596327901814
39,0.006964598136976736,2.1404524486747283,1.5906387344764967
40,0.006963684412611794,2.1404524486747283,2.1404524486747283
41,0.0069635273278392884,2.1404524486747283,2.2213077479131753
42,0.0069615696030697685,2.1404524486747283,3.054423060703704
43,0.006957691017115767,2.1404524486747283,4.2470363416530965
44,0.006957012832593215,2.1404524486747283,4.4226586909057986
45,0.006946672064437093,2.1404524486747283,6.540332482412147
46,0.0069392286237821375,2.1404524486747283,7.712793164539303
47,0.006936906947448173,2.1404524486747283,8.043603507737743
48,0.0069275745935858625,2.1404524486747283,9.254811599803919
49,0.0069651655537803295,2.2213077479131753,0.9506401313901911
50,0.006964988137267373,2.2213077479131753,1.1410596327901814
51,0.006964441093398683,2.2213077479131753,1.5906387344764967
52,0.0069635273278392884,2.2213077479131753,2.1404524486747283
53,0.006963370235983668,2.2213077479131753,2.2213077479131753
54,0.006961412422911486,2.2213077479131753,3.054423060703704
55,0.006957533661868174,2.2213077479131753,4.2470363416530965
56,0.006956855446710587,2.2213077479131753,4.4226586909057986
57,0.006946514210699246,2.2213077479131753,6.540332482412147
58,0.006939070432412182,2.2213077479131753,7.712793164539303
59,0.006936748650619508,2.2213077479131753,8.043603507737743
60,0.006927415872135884,2.2213077479131753,9.254811599803919
61,0.006963208749634055,3.054423060703704,0.9506401313901911
62,0.006963031233440401,3.054423060703704,1.1410596327901814
63,0.006962483882185518,3.054423060703704,1.5906387344764967
64,0.0069615696030697685,3.054423060703704,2.1404524486747283
65,0.006961412422911486,3.054423060703704,2.2213077479131753
66,0.006959453509001593,3.054423060703704,3.054423060703704
67,0.006955572565181322,3.054423060703704,4.2470363416530965
68,0.0069548939681073575,3.054423060703704,4.4226586909057986
69,0.006944546899501305,3.054423060703704,6.540332482412147
70,0.006937098912060966,3.054423060703704,7.712793164539303
71,0.006934775815546576,3.054423060703704,8.043603507737743
72,0.0069254377434326,3.054423060703704,9.254811599803919
73,0.0069593319891201625,4.2470363416530965,0.9506401313901911
74,0.00695915427527663,4.2470363416530965,1.1410596327901814
75,0.006958606314527045,4.2470363416530965,1.5906387344764967
76,0.006957691017115767,4.2470363416530965,2.1404524486747283
77,0.006957533661868174,4.2470363416530965,2.2213077479131753
78,0.006955572565181322,4.2470363416530965,3.054423060703704
79,0.006951687293273526,4.2470363416530965,4.2470363416530965
80,0.006951007938921396,4.2470363416530965,4.4226586909057986
81,0.006940649305196204,4.2470363416530965,6.540332482412147
82,0.006933192971630034,4.2470363416530965,7.712793164539303
83,0.006930867268211534,4.2470363416530965,8.043603507737743
84,0.006921518699559824,4.2470363416530965,9.254811599803919
85,0.006958654123991197,4.4226586909057986,0.9506401313901911
86,0.006958476375565272,4.4226586909057986,1.1410596327901814
87,0.006957928308173639,4.4226586909057986,1.5906387344764967
88,0.006957012832593215,4.4226586909057986,2.1404524486747283
89,0.006956855446710587,4.4226586909057986,2.2213077479131753
90,0.0069548939681073575,4.4226586909057986,3.054423060703704
91,0.006951007938921396,4.4226586909057986,4.2470363416530965
92,0.006950328452069474,4.4226586909057986,4.4226586909057986
93,0.006939967794808956,4.4226586909057986,6.540332482412147
94,0.006932510000926013,4.4226586909057986,7.712793164539303
95,0.006930183841378171,4.4226586909057986,8.043603507737743
96,0.006920833436145861,4.4226586909057986,9.254811599803919
97,0.006948318233578277,6.540332482412147,0.9506401313901911
98,0.00694813995701426,6.540332482412147,1.1410596327901814
99,0.006947590260997725,6.540332482412147,1.5906387344764967
100,0.006946672064437093,6.540332482412147,2.1404524486747283
101,0.006946514210699246,6.540332482412147,2.2213077479131753
102,0.006944546899501305,6.540332482412147,3.054423060703704
103,0.006940649305196204,6.540332482412147,4.2470363416530965
104,0.006939967794808956,6.540332482412147,4.4226586909057986
105,0.006929576233984197,6.540332482412147,6.540332482412147
106,0.006922096137865062,6.540332482412147,7.712793164539303
107,0.00691976301219152,6.540332482412147,8.043603507737743
108,0.006910384558072034,6.540332482412147,9.254811599803919
109,0.006940878312987791,7.712793164539303,0.9506401313901911
110,0.006940699655288883,7.712793164539303,1.1410596327901814
111,0.006940148783962105,7.712793164539303,1.5906387344764967
112,0.0069392286237821375,7.712793164539303,2.1404524486747283
113,0.006939070432412182,7.712793164539303,2.2213077479131753
114,0.006937098912060966,7.712793164539303,3.054423060703704
115,0.006933192971630034,7.712793164539303,4.2470363416530965
116,0.006932510000926013,7.712793164539303,4.4226586909057986
117,0.006922096137865062,7.712793164539303,6.540332482412147
118,0.00691459994663386,7.712793164539303,7.712793164539303
119,0.00691226179359933,7.712793164539303,8.043603507737743
120,0.006902863096791096,7.712793164539303,9.254811599803919
121,0.006938557736138102,8.043603507737743,0.9506401313901911
122,0.006938378959392632,8.043603507737743,1.1410596327901814
123,0.006937827720960439,8.043603507737743,1.5906387344764967
124,0.006936906947448173,8.043603507737743,2.1404524486747283
125,0.006936748650619508,8.043603507737743,2.2213077479131753
126,0.006934775815546576,8.043603507737743,3.054423060703704
127,0.006930867268211534,8.043603507737743,4.2470363416530965
128,0.006930183841378171,8.043603507737743,4.4226586909057986
129,0.00691976301219152,8.043603507737743,6.540332482412147
130,0.00691226179359933,8.043603507737743,7.712793164539303
131,0.006909922070245809,8.043603507737743,8.043603507737743
132,0.006900517050511532,8.043603507737743,9.254811599803919
133,0.006929229809259962,9.254811599803919,0.9506401313901911
134,0.006929050553183521,9.254811599803919,1.1410596327901814
135,0.006928497836631693,9.254811599803919,1.5906387344764967
136,0.0069275745935858625,9.254811599803919,2.1404524486747283
137,0.006927415872135884,9.254811599803919,2.2213077479131753
138,0.0069254377434326,9.254811599803919,3.054423060703704
139,0.006921518699559824,9.254811599803919,4.2470363416530965
140,0.006920833436145861,9.254811599803919,4.4226586909057986
141,0.006910384558072034,9.254811599803919,6.540332482412147
142,0.006902863096791096,9.254811599803919,7.712793164539303
143,0.006900517050511532,9.254811599803919,8.043603507737743
144,0.006891086571221129,9.254811599803919,9.254811599803919
BRSUM,2.7512404344411e-7,0.0,0.0
