m,m1,m2,width
0.8,0.05,0.05,1.4803748414570825e-5
0.8,0.05,0.3,1.2745081160763995e-5
0.8,0.05,0.707,2.7535170039510307e-6
0.8,0.05,1.0,0.0
0.8,0.05,3.0,0.0
0.8,0.05,5.0,0.0
0.8,0.3,0.05,1.2745081160763995e-5
0.8,0.3,0.3,9.869165609713885e-6
0.8,0.3,0.707,0.0
0.8,0.3,1.0,0.0
0.8,0.3,3.0,0.0
0.8,0.3,5.0,0.0
0.8,0.707,0.05,2.7535170039510307e-6
0.8,0.707,0.3,0.0
0.8,0.707,0.707,0.0
0.8,0.707,1.0,0.0
0.8,0.707,3.0,0.0
0.8,0.707,5.0,0.0
0.8,1.0,0.05,0.0
0.8,1.0,0.3,0.0
0.8,1.0,0.707,0.0
0.8,1.0,1.0,0.0
0.8,1.0,3.0,0.0
0.8,1.0,5.0,0.0
0.8,3.0,0.05,0.0
0.8,3.0,0.3,0.0
0.8,3.0,0.707,0.0
0.8,3.0,1.0,0.0
0.8,3.0,3.0,0.0
0.8,3.0,5.0,0.0
0.8,5.0,0.05,0.0
0.8,5.0,0.3,0.0
0.8,5.0,0.707,0.0
0.8,5.0,1.0,0.0
0.8,5.0,3.0,0.0
0.8,5.0,5.0,0.0
1.5,0.05,0.05,7.94004357948502e-6
1.5,0.05,0.3,7.629857609228072e-6
1.5,0.05,0.707,6.1759911379334966e-6
1.5,0.05,1.0,4.39793039800811e-6
1.5,0.05,3.0,0.0
1.5,0.05,5.0,0.0
1.5,0.3,0.05,7.629857609228072e-6
1.5,0.3,0.3,7.293395739449995e-6
1.5,0.3,0.707,5.676670310069902e-6
1.5,0.3,1.0,3.511219382962965e-6
1.5,0.3,3.0,0.0
1.5,0.3,5.0,0.0
1.5,0.707,0.05,6.1759911379334966e-6
1.5,0.707,0.3,5.676670310069902e-6
1.5,0.707,0.707,2.6557847713112994e-6
1.5,0.707,1.0,0.0
1.5,0.707,3.0,0.0
1.5,0.707,5.0,0.0
1.5,1.0,0.05,4.39793039800811e-6
1.5,1.0,0.3,3.511219382962965e-6
1.5,1.0,0.707,0.0
1.5,1.0,1.0,0.0
1.5,1.0,3.0,0.0
1.5,1.0,5.0,0.0
1.5,3.0,0.05,0.0
1.5,3.0,0.3,0.0
1.5,3.0,0.707,0.0
1.5,3.0,1.0,0.0
1.5,3.0,3.0,0.0
1.5,3.0,5.0,0.0
1.5,5.0,0.05,0.0
1.5,5.0,0.3,0.0
1.5,5.0,0.707,0.0
1.5,5.0,1.0,0.0
1.5,5.0,3.0,0.0
1.5,5.0,5.0,0.0
3.0,0.05,0.05,3.976662477611601e-6
3.0,0.05,0.3,3.937957264399493e-6
3.0,0.05,0.707,3.7566565317589127e-6
3.0,0.05,1.0,3.5353948626493497e-6
3.0,0.05,3.0,0.0
3.0,0.05,5.0,0.0
3.0,0.3,0.05,3.937957264399493e-6
3.0,0.3,0.3,3.898484006168381e-6
3.0,0.3,0.707,3.7133704458778007e-6
3.0,0.3,1.0,3.4869129014160856e-6
3.0,0.3,3.0,0.0
3.0,0.3,5.0,0.0
3.0,0.707,0.05,3.7566565317589127e-6
3.0,0.707,0.3,3.7133704458778007e-6
3.0,0.707,0.707,3.5091880478334327e-6
3.0,0.707,1.0,3.2563343142631895e-6
3.0,0.707,3.0,0.0
3.0,0.707,5.0,0.0
3.0,1.0,0.05,3.5353948626493497e-6
3.0,1.0,0.3,3.4869129014160856e-6
3.0,1.0,0.707,3.2563343142631895e-6
3.0,1.0,1.0,2.9656772642382377e-6
3.0,1.0,3.0,0.0
3.0,1.0,5.0,0.0
3.0,3.0,0.05,0.0
3.0,3.0,0.3,0.0
3.0,3.0,0.707,0.0
3.0,3.0,1.0,0.0
3.0,3.0,3.0,0.0
3.0,3.0,5.0,0.0
3.0,5.0,0.05,0.0
3.0,5.0,0.3,0.0
3.0,5.0,0.707,0.0
3.0,5.0,1.0,0.0
3.0,5.0,3.0,0.0
3.0,5.0,5.0,0.0
7.0,0.05,0.05,1.705057521031163e-6
7.0,0.05,0.3,1.7020121533983874e-6
7.0,0.05,0.707,1.687747671255509e-6
7.0,0.05,1.0,1.6703402627256193e-6
7.0,0.05,3.0,1.3918995859979738e-6
7.0,0.05,5.0,8.349471512763593e-7
7.0,0.3,0.05,1.7020121533983874e-6
7.0,0.3,0.3,1.6989558693123394e-6
7.0,0.3,0.707,1.6846397282661458e-6
7.0,0.3,1.0,1.6671680789843784e-6
7.0,0.3,3.0,1.3874803598959682e-6
7.0,0.3,5.0,8.255077223183987e-7
7.0,0.707,0.05,1.687747671255509e-6
7.0,0.707,0.3,1.6846397282661458e-6
7.0,0.707,0.707,1.6700790745906981e-6
7.0,0.707,1.0,1.6523032388535798e-6
7.0,0.707,3.0,1.3666808509651879e-6
7.0,0.707,5.0,7.799321883457734e-7
7.0,1.0,0.05,1.6703402627256193e-6
7.0,1.0,0.3,1.6671680789843784e-6
7.0,1.0,0.707,1.6523032388535798e-6
7.0,1.0,1.0,1.6341486966210695e-6
7.0,1.0,3.0,1.3410670802140289e-6
7.0,1.0,5.0,7.20801897229578e-7
7.0,3.0,0.05,1.3918995859979738e-6
7.0,3.0,0.3,1.3874803598959682e-6
7.0,3.0,0.707,1.3666808509651879e-6
7.0,3.0,1.0,1.3410670802140289e-6
7.0,3.0,3.0,8.78328532747013e-7
7.0,3.0,5.0,0.0
7.0,5.0,0.05,8.349471512763593e-7
7.0,5.0,0.3,8.255077223183987e-7
7.0,5.0,0.707,7.799321883457734e-7
7.0,5.0,1.0,7.20801897229578e-7
7.0,5.0,3.0,0.0
7.0,5.0,5.0,0.0
10.0,0.05,0.05,1.1936023885934034e-6
10.0,0.05,0.3,1.1925578820069884e-6
10.0,0.05,0.707,1.187665423869534e-6
10.0,0.05,1.0,1.1816950080304823e-6
10.0,0.05,3.0,1.0861967421476115e-6
10.0,0.05,5.0,8.951968180879519e-7
10.0,0.3,0.05,1.1925578820069884e-6
10.0,0.3,0.3,1.1915115442363458e-6
10.0,0.3,0.707,1.1866104658996917e-6
10.0,0.3,1.0,1.1806294336969225e-6
10.0,0.3,3.0,1.0849454614307315e-6
10.0,0.3,5.0,8.934549135693754e-7
10.0,0.707,0.05,1.187665423869534e-6
10.0,0.707,0.3,1.1866104658996917e-6
10.0,0.707,0.707,1.1816688064085481e-6
10.0,0.707,1.0,1.1756377910955714e-6
10.0,0.707,3.0,1.0790786193504728e-6
10.0,0.707,5.0,8.852666308410598e-7
10.0,1.0,0.05,1.1816950080304823e-6
10.0,1.0,0.3,1.1806294336969225e-6
10.0,1.0,0.707,1.1756377910955714e-6
10.0,1.0,1.0,1.169545201850514e-6
10.0,1.0,3.0,1.0719058832304776e-6
10.0,1.0,5.0,8.752074887339992e-7
10.0,3.0,0.05,1.0861967421476115e-6
10.0,3.0,0.3,1.0849454614307315e-6
10.0,3.0,0.707,1.0790786193504728e-6
10.0,3.0,1.0,1.0719058832304776e-6
10.0,3.0,3.0,9.54929658551372e-7
10.0,3.0,5.0,7.017271211103085e-7
10.0,5.0,0.05,8.951968180879519e-7
10.0,5.0,0.3,8.934549135693754e-7
10.0,5.0,0.707,8.852666308410598e-7
10.0,5.0,1.0,8.752074887339992e-7
10.0,5.0,3.0,7.017271211103085e-7
10.0,5.0,5.0,0.0
25.0,0.05,0.05,4.774610095417729e-7
25.0,0.05,0.3,4.773941639308324e-7
25.0,0.05,0.707,4.770810598511417e-7
25.0,0.05,1.0,4.7669896956815925e-7
25.0,0.05,3.0,4.705873700669918e-7
25.0,0.05,5.0,4.583641670897076e-7
25.0,0.3,0.05,4.773941639308324e-7
25.0,0.3,0.3,4.773272995977284e-7
25.0,0.3,0.707,4.77014107753778e-7
25.0,0.3,1.0,4.76631910213207e-7
25.0,0.3,3.0,4.705185714280455e-7
25.0,0.3,5.0,4.582917506958995e-7
25.0,0.707,0.05,4.770810598511417e-7
25.0,0.707,0.3,4.77014107753778e-7
25.0,0.707,0.707,4.767005044950308e-7
25.0,0.707,1.0,4.763178041591102e-7
25.0,0.707,3.0,4.7019631188732204e-7
25.0,0.707,5.0,4.579525305817557e-7
25.0,1.0,0.05,4.7669896956815925e-7
25.0,1.0,0.3,4.76631910213207e-7
25.0,1.0,0.707,4.763178041591102e-7
25.0,1.0,1.0,4.759344893478622e-7
25.0,1.0,3.0,4.6980303214661095e-7
25.0,1.0,5.0,4.575385196763826e-7
25.0,3.0,0.05,4.705873700669918e-7
25.0,3.0,0.3,4.705185714280455e-7
25.0,3.0,0.707,4.7019631188732204e-7
25.0,3.0,1.0,4.6980303214661095e-7
25.0,3.0,3.0,4.6350991121572907e-7
25.0,3.0,5.0,4.5090868432995093e-7
25.0,5.0,0.05,4.583641670897076e-7
25.0,5.0,0.3,4.582917506958995e-7
25.0,5.0,0.707,4.579525305817557e-7
25.0,5.0,1.0,4.575385196763826e-7
25.0,5.0,3.0,4.5090868432995093e-7
25.0,5.0,5.0,4.3760374436699966e-7
