index,prodprob,crosssection,higgsonly
1,0.145657429496761,1.6204651871736917e-10,1.1139948579932605e-18
2,0.14500038769087573,1.6131554785473308e-10,1.113966366489453e-18
3,0.14287307113569506,1.589488698085109e-10,1.1138785161161146e-18
4,0.1389349105898382,1.5456759515351852e-10,1.1137317734211121e-18
5,0.1382032711479128,1.5375363307498714e-10,1.1137065458430826e-18
6,0.1273624536088845,1.4169302798540708e-10,1.1133921379262074e-18
7,0.08744861927890123,9.728816721466127e-11,1.1127692408806277e-18
8,0.07448273139438019,8.286338302782433e-11,1.1126603249224375e-18
9,1.1020388022017521e-5,1.2261001606749734e-14,1.1109995974793117e-18
10,9.249720529675989e-6,1.0291101408912309e-14,1.1098041723075742e-18
11,8.83244418351417e-6,9.826873737345823e-15,1.109431306937037e-18
12,8.023104016302933e-6,8.926467362244254e-15,1.1079325071575592e-18
