m,photons,pions,gluons,WW,ZZ,bb,cc,tautau,ss,mumu,ee,tt
0.0001,5.427314794145545e-30,9.83355809306365e-15,0.0,0.0,0.0,0.0,0.0,0.0,0.0,0.0,0.0,0.0
0.000511,7.241819777110222e-28,9.83357452231982e-15,0.0,0.0,0.0,0.0,0.0,0.0,0.0,0.0,0.0,0.0
0.0009197999999999999,4.223429294010681e-27,9.833612789338258e-15,0.0,0.0,0.0,0.0,0.0,0.0,0.0,0.0,0.0,0.0
0.001,5.4273147941455454e-27,9.833622862483771e-15,0.0,0.0,0.0,0.0,0.0,0.0,0.0,0.0,0.0,0.0
0.0010209779999999999,5.7760928287971195e-27,9.833625636189634e-15,0.0,0.0,0.0,0.0,0.0,0.0,0.0,0.0,0.0,0.0
0.0010230219999999997,5.810853575314159e-27,9.833625909525433e-15,0.0,0.0,0.0,0.0,0.0,0.0,0.0,0.0,1.567986218513176e-26,0.0
0.0011242,7.711089698666964e-27,9.833640122918162e-15,0.0,0.0,0.0,0.0,0.0,0.0,0.0,0.0,1.3959933035231296e-23,0.0
0.002044,4.6347646573505423e-26,9.833830774529215e-15,0.0,0.0,0.0,0.0,0.0,0.0,0.0,0.0,2.280140738148364e-22,0.0
0.05,6.784143492681933e-22,9.997046594607083e-15,0.0,0.0,0.0,0.0,0.0,0.0,0.0,0.0,8.58196317617802e-21,0.0
0.096,4.8017407817131526e-21,1.0435550906722261e-14,0.0,0.0,0.0,0.0,0.0,0.0,0.0,0.0,1.648489806235842e-20,0.0
0.10566,6.4020171207749955e-21,1.0562554160891114e-14,0.0,0.0,0.0,0.0,0.0,0.0,0.0,0.0,1.8144229203719606e-20,0.0
0.134,1.3058683835452775e-20,1.1004696545740347e-14,0.0,0.0,0.0,0.0,0.0,0.0,0.0,0.0,2.3012074477390706e-20,0.0
0.139,1.457569973013837e-20,1.1093430766398207e-14,0.0,0.0,0.0,0.0,0.0,0.0,0.0,0.0,2.3870881128820055e-20,0.0
0.1728,2.800375223895111e-20,1.1777126960699135e-14,0.0,0.0,0.0,0.0,0.0,0.0,0.0,0.0,2.967630446099284e-20,0.0
0.19018800000000002,3.7336563848359786e-20,1.2185402536358133e-14,0.0,0.0,0.0,0.0,0.0,0.0,0.0,0.0,3.26627816490948e-20,0.0
0.191808,3.829879967830895e-20,1.2225384773596406e-14,0.0,0.0,0.0,0.0,0.0,0.0,0.0,0.0,3.2941023551001063e-20,0.0
0.19219199999999997,3.852928331265901e-20,1.2234910506453999e-14,0.0,0.0,0.0,0.0,0.0,0.0,3.1189936793497403e-19,0.0,3.30069771574755e-20,0.0
0.2,4.341851835316437e-20,1.2432623130334357e-14,0.0,0.0,0.0,0.0,0.0,0.0,7.983896120422268e-17,0.0,3.434803148812888e-20,0.0
0.21110868000000002,5.1062642152496135e-20,1.2727095167749289e-14,0.0,0.0,0.0,0.0,0.0,0.0,2.7585309666414184e-16,0.0,3.625598346258982e-20,0.0
0.21120000000000003,5.1128935843681666e-20,1.2729579879633869e-14,0.0,0.0,0.0,0.0,0.0,0.0,2.7768702547857438e-16,0.0,3.6271667939186045e-20,0.0
0.21153132,5.136993907672559e-20,1.2738603458720596e-14,0.0,0.0,0.0,0.0,0.0,0.0,2.8436405221261433e-16,1.3861536084882775e-19,3.632857311243441e-20,0.0
0.23245200000000002,6.816867830201216e-20,1.3336055446302252e-14,0.0,0.0,0.0,0.0,0.0,0.0,7.571764325875668e-16,1.23410597124921e-16,3.9921749205533464e-20,0.0
0.24120000000000003,7.615824412836059e-20,1.3601957412927942e-14,0.0,0.0,0.0,0.0,0.0,0.0,9.726050206733e-16,1.9844548863936068e-16,4.1424232933358023e-20,0.0
0.25020000000000003,8.500548082616699e-20,1.3885349857753784e-14,0.0,0.0,0.0,0.0,0.0,0.0,1.1993577935940943e-15,2.8194788586254797e-16,4.2969995021613905e-20,0.0
0.267732,1.0415637557551393e-19,1.4465847919984355e-14,0.0,0.0,0.0,0.0,0.0,0.0,1.648111023086967e-15,4.550917343681931e-16,4.5981131822995666e-20,0.0
0.268268,1.0478319260855456e-19,1.4484184649979702e-14,0.0,0.0,0.0,0.0,0.0,0.0,1.6618918361263038e-15,4.6052235111116e-16,4.607319016107856e-20,0.0
0.277722,1.1625613074777155e-19,1.4813326264300686e-14,0.0,0.0,0.0,0.0,0.0,0.0,1.9049782188252054e-15,5.571070962565606e-16,4.769691935019073e-20,0.0
0.27827799999999997,1.1695576456802931e-19,1.4833019651047095e-14,0.0,0.0,0.0,0.0,0.0,0.0,1.9192658631577405e-15,5.628254084552654e-16,4.779241255373147e-20,0.0
0.29480000000000006,1.3904886547990118e-19,1.543517863010599e-14,0.0,0.0,0.0,0.0,0.0,0.0,2.342455535786824e-15,7.337822990878775e-16,5.063006876971878e-20,0.0
0.30580000000000007,1.5520205072651343e-19,1.5854166380190123e-14,0.0,0.0,0.0,0.0,0.0,0.0,2.621993177473233e-15,8.479888595575025e-16,5.2519317330812584e-20,0.0
0.36000000000000004,2.532167990356546e-19,1.8125825816374292e-14,0.0,0.0,0.0,0.0,0.0,0.0,3.9625825764864815e-15,1.4026885381893889e-15,6.182813094180839e-20,0.0
0.384,3.0731141002964176e-19,1.923933426072601e-14,0.0,0.0,0.0,0.0,0.0,0.0,4.535591235652712e-15,1.6413250611642616e-15,6.595010288258182e-20,0.0
0.3996,3.4630714408193134e-19,1.9997632826975288e-14,0.0,0.0,0.0,0.0,0.0,0.0,4.9016590649905426e-15,1.7939078067245123e-15,6.86293816349764e-20,0.0
0.4004,3.4839123365757942e-19,2.0037244292767512e-14,8.281993420860658e-16,0.0,0.0,0.0,0.0,0.0,4.920302421427896e-15,1.801679563995367e-15,6.876678048789626e-20,0.0
0.42264,4.097290957295997e-19,2.1166395186311227e-14,9.740123594794437e-16,0.0,0.0,0.0,0.0,0.0,5.433788958275337e-15,2.0157226350125155e-15,7.258646656012647e-20,0.0
0.44000000000000006,4.6232038342449435e-19,2.2084794740919516e-14,1.099032927336729e-15,0.0,0.0,0.0,0.0,0.0,5.828523792704171e-15,2.180202450823944e-15,7.556801759263016e-20,0.0
0.5,6.784143492681931e-19,2.5500318877838065e-14,1.612733798801313e-15,0.0,0.0,0.0,0.0,0.0,7.157411647722898e-15,2.733070571222137e-15,8.587290404217393e-20,0.0
0.536,8.357557654689776e-19,2.7721586715848085e-14,1.98676748504629e-15,0.0,0.0,0.0,0.0,0.0,7.93260704660667e-15,3.0547938958426503e-15,9.205582802574485e-20,0.0
0.556,9.328447827288556e-19,2.9008635217529916e-14,2.217568528385529e-15,0.0,0.0,0.0,0.0,0.0,8.35729393551943e-15,3.230781596119549e-15,9.549078377189818e-20,0.0
0.707,1.917976375884971e-18,3.98248924213925e-14,4.559433818032843e-15,0.0,0.0,0.0,0.0,0.0,1.1460995487269077e-14,4.511517130015339e-15,1.2142466667965563e-19,0.0
0.8,2.7787851746025198e-18,4.730171435392944e-14,6.6057576398901794e-15,0.0,0.0,0.0,0.0,0.0,1.3309253316522989e-14,5.270358061960432e-15,1.3739717117331915e-19,0.0
0.9,3.9565124849321024e-18,5.5853208857008125e-14,9.40546351460926e-15,0.0,0.0,0.0,0.0,0.0,1.5261935477584717e-14,6.069713085918361e-15,1.5457189698598952e-19,0.0
0.999,5.411049126280176e-18,6.467314537366371e-14,1.2863203471948574e-14,0.0,0.0,0.0,0.0,0.0,1.7169504259279683e-14,6.848766281063474e-15,1.7157486817046768e-19,0.0
1.001,5.443613025899676e-18,1.7458080639701599e-15,1.294061472009477e-14,0.0,0.0,0.0,0.0,0.0,1.7207828970480074e-14,6.864402457380442e-15,1.7191836247743733e-19,0.0
1.1,7.223755991007722e-18,1.4980964177230927e-15,1.7172389489636387e-14,0.0,0.0,0.0,0.0,0.0,1.9096244252085712e-14,7.634209022433638e-15,1.8892132822649648e-19,0.0
1.28,1.138190407517192e-17,1.159638520854621e-15,2.7057183292990175e-14,0.0,0.0,0.0,0.0,0.0,2.249551326964782e-14,9.017291859054928e-15,2.1983580181875143e-19,0.0
1.78,3.060870946491193e-17,6.091454653470907e-16,7.276334933805843e-14,0.0,0.0,0.0,0.0,0.0,3.18058419406794e-14,1.2795032636307952e-14,3.057093030712392e-19,0.0
2.0,4.341851835316436e-17,4.64804400054544e-16,1.0321496312328403e-13,0.0,0.0,0.0,0.0,0.0,3.5868173394005866e-14,1.4440580630200214e-14,3.4349363426877525e-19,0.0
2.3040000000000003,6.637926456640266e-17,3.259554944050741e-16,1.5779749296471874e-13,0.0,0.0,0.0,0.0,0.0,4.146231824647662e-14,1.6705036618584985e-14,3.9570470487955423e-19,0.0
2.55744,9.07823399782138e-17,2.5370056553221434e-16,2.158087431008312e-13,0.0,0.0,0.0,0.0,0.0,4.611414445618547e-14,1.8587058833680267e-14,4.392322468366372e-19,0.0
2.56256,9.13286715559325e-17,2.52607147040473e-16,9.649221703635984e-14,0.0,0.0,0.0,7.393170202903705e-16,0.0,4.620803338531187e-14,1.8625036837157923e-14,4.401115910950072e-19,0.0
2.8160000000000003,1.2119451459243063e-16,2.1553998133480178e-16,1.2804661675722644e-13,0.0,0.0,0.0,6.582210974306947e-13,0.0,5.085199328319975e-14,2.0503218362047197e-14,4.83639130928877e-19,0.0
3.204,1.7850999359936636e-16,2.2090439879008796e-16,1.8860260148424748e-13,0.0,0.0,0.0,2.2522573123404818e-12,0.0,5.795084151093456e-14,2.337334066683546e-14,5.502769336492753e-19,0.0
3.5564400000000003,2.441358010562951e-16,2.8936544910691345e-16,2.5793876447050285e-13,0.0,0.0,0.0,3.8457592925099906e-12,0.0,6.439095147983695e-14,2.5976444493131176e-14,6.108074139113847e-19,0.0
3.56356,2.4560501960035007e-16,2.9137524509473414e-16,2.594910497738096e-13,0.0,0.0,0.0,3.878297236658612e-12,6.627344519005866e-16,6.452099161330037e-14,2.6029001615997005e-14,6.120302518795133e-19,0.0
3.9160000000000004,3.259215383823823e-16,4.2249177212013775e-16,3.44348508334065e-13,0.0,0.0,0.0,5.485960664961442e-12,5.900388957145937e-13,7.095542122125846e-14,2.8629329551222226e-14,6.725607306148173e-19,0.0
4.18,3.9638193873857556e-16,5.623195438684306e-16,4.1879260270014553e-13,0.0,0.0,0.0,6.675719254263092e-12,1.2538150643511383e-12,7.577242365164241e-14,3.057577464325674e-14,7.179019124373662e-19,0.0
5.0,6.784143492681931e-16,1.239981862280528e-15,7.167705772450281e-13,0.0,0.0,0.0,1.0245087814731141e-11,3.6074593686122545e-12,9.072343671509333e-14,3.661622842554942e-14,8.587343682062415e-19,0.0
5.12,7.284418608110029e-16,1.3720224668318456e-15,7.696265470006095e-13,0.0,0.0,0.0,1.0751031077102722e-11,3.9610801951557024e-12,9.291033249686926e-14,3.749968034830917e-14,8.793439955960905e-19,0.0
7.12,1.9589574057543635e-15,5.016766764907826e-15,2.0697130478381063e-12,0.0,0.0,0.0,1.8702022444483704e-11,9.637379490399714e-12,1.2933524594886504e-13,5.221246206251287e-14,1.2228377791675808e-18,0.0
7.5,2.2896484287801516e-15,6.057604300402551e-15,2.4191006982019695e-12,0.0,0.0,0.0,2.013506930818684e-11,1.0657162015436423e-11,1.362526577968464e-13,5.5006266265578664e-14,1.2881015971560798e-18,0.0
7.524,2.3116994667233733e-15,6.127502189343347e-15,2.4423984589472493e-12,0.0,0.0,0.0,2.0224956777794864e-11,1.0720986333707878e-11,1.366895227243674e-13,5.5182705202172974e-14,1.2922235224962282e-18,0.0
8.35164,3.161551853374353e-15,8.856578192728834e-15,3.340299846808484e-12,0.0,0.0,0.0,2.3285314710645806e-11,1.2883300958308465e-11,1.5175330722333783e-13,6.126646712208707e-14,1.43436811744881e-18,0.0
8.36836,3.1805781927759148e-15,8.918322805017891e-15,8.401004746096931e-13,0.0,0.0,2.5747178320049396e-14,2.3346421913796133e-11,1.2926261336934296e-11,1.520575991285923e-13,6.138935821175834e-14,1.437239725420426e-18,0.0
9.196,4.220674883688353e-15,1.2323934365489271e-14,1.1148259083877874e-12,0.0,0.0,2.2922962010138928e-11,2.6341425163196235e-11,1.5021641362098763e-11,1.671189558942801e-13,6.747193282373172e-14,1.5793843197228375e-18,0.0
10.0,5.427314794145545e-15,1.6328752584367054e-14,1.4335411544900561e-12,0.0,0.0,5.696336976274703e-11,2.920331302472547e-11,1.70061265730246e-11,1.8174839996615753e-13,7.337993219926905e-14,1.7174688171365745e-18,0.0
15.0,1.8317187430241213e-14,6.030236393646419e-14,4.838201396403939e-12,0.0,0.0,2.9600547504538916e-10,4.638986203905817e-11,2.8655668746238965e-11,2.727063847878012e-13,1.1011087995001631e-13,2.576203248128221e-18,0.0
16.72,2.5368444079268836e-14,8.468490418861572e-14,6.7006816432023285e-12,0.0,0.0,3.744113914188198e-10,5.216403040190493e-11,3.2501266553182287e-11,3.0399129884757347e-13,1.2274406006526731e-13,2.87160789114926e-18,0.0
18.0,3.165209987945682e-14,1.0649291093797865e-13,8.360412012986006e-12,0.0,0.0,4.3103202123492545e-10,5.643504302182903e-11,3.533181812579615e-11,3.2727224019764763e-13,1.32145078152461e-13,3.0914439043313837e-18,0.0
18.1,3.218257105475141e-14,1.0833649011167079e-13,8.500527758967021e-12,0.0,0.0,4.353985022821768e-10,5.676793661659727e-11,3.555201416189041e-11,3.29091038271233e-13,1.3287952023280948e-13,3.1086185928544205e-18,0.0
18.2,3.2718936293912415e-14,1.1020090141402043e-13,8.642200330641806e-12,0.0,0.0,4.397571032007079e-10,5.7100726262051905e-11,3.5772084456300094e-11,3.3090983295373297e-13,1.3361396065449e-13,3.1257932813765494e-18,0.0
25.0,8.480179365852415e-14,2.921475878153911e-13,2.239908053890713e-11,0.0,0.0,7.214561069598284e-10,7.955387572501018e-11,5.0522115878422115e-11,4.5458214324471063e-13,1.8355310753940523e-13,4.2936720993483015e-18,0.0
50.0,6.784143492681932e-13,2.382027052605083e-12,1.7919264431125703e-10,0.0,0.0,1.6520374299939342e-9,1.6100831605917803e-10,1.0340611746710607e-10,9.092246184932219e-13,3.67135725968052e-13,8.587344214841421e-18,0.0
80.37,2.817519413664782e-12,9.931165333900108e-12,7.442041205017383e-10,0.0,0.0,2.7260127792893197e-9,2.594304479684226e-10,1.669942883834401e-10,1.4615074666148734e-12,5.901436582140221e-13,1.3803297096238475e-17,0.0
91.19,4.115538410252377e-12,1.4514325072447295e-11,1.087055737092214e-9,0.0,0.0,3.1043440150389224e-9,2.944569899929621e-10,1.8960102719107076e-10,1.6582695105993693e-12,6.695946842178079e-13,1.566159838589199e-17,0.0
100.0,5.427314794145545e-12,1.9146704269474063e-11,1.4335411544900563e-9,0.0,0.0,3.4115520425955938e-9,3.2296926292585806e-10,2.0799885151938448e-10,1.818479403405372e-12,7.342862076278296e-13,1.717468843775525e-17,0.0
144.66600000000003,1.6431773220493013e-11,5.8016468994106404e-11,4.340198430766138e-9,0.0,0.0,4.962588191947884e-9,4.67466728957579e-10,3.01202747931078e-10,2.630729009785806e-12,1.0622662006865134e-12,2.484593477739568e-17,0.0
160.57926,2.2472602441316073e-11,7.935639046955666e-11,5.935789920067123e-9,0.0,0.0,5.5136890726118e-9,5.189339977776893e-10,3.343922961669939e-10,2.9201106542779408e-12,1.1791161936906716e-12,2.7578987603298128e-17,0.0
160.90073999999998,2.2607843418252285e-11,7.983415524595647e-11,5.9715117297584705e-9,4.5852717893095723e-8,0.0,5.524817399069609e-9,5.199736962246517e-10,3.3506273681711957e-10,2.9259567467019937e-12,1.1814767989231561e-12,2.7634200791699822e-17,0.0
164.142,2.4001820008591862e-11,8.47586676997872e-11,6.339709058721793e-9,2.152563053490175e-7,0.0,5.637006798989612e-9,5.304561684763304e-10,3.4182221736979977e-10,2.9848988415451386e-12,1.2052771438444325e-12,2.819087709827765e-17,0.0
172.57,2.7892080469670255e-11,9.850200942187102e-11,7.36726111423497e-9,4.2861102270626314e-7,0.0,5.92864660469439e-9,5.57712252266175e-10,3.593975223874055e-10,3.1381614323301285e-12,1.2671633463073457e-12,2.96383598401185e-17,0.0
176.81400000000002,3.0000946716702606e-11,1.0595221797976832e-10,7.92428547510251e-9,5.193859623470162e-7,0.0,6.075465947215341e-9,5.714369727785989e-10,3.682473101849212e-10,3.215338264827792e-12,1.298326730116077e-12,3.036725361756847e-17,0.0
182.19762,3.28256331001705e-11,1.159313689816411e-10,8.670382639688743e-9,6.33080525237963e-7,0.0,6.261676365802185e-9,5.888468273385046e-10,3.7947311790858035e-10,3.3132389950783714e-12,1.3378582562420244e-12,3.129187357943097e-17,0.0
182.56237999999996,3.302317900971121e-11,1.1662926964536016e-10,8.722561332462057e-9,6.408515727727392e-7,3.204257863863696e-7,6.274291520192623e-9,5.900263975105525e-10,3.802336934378622e-10,3.3198721282557103e-12,1.340536661947785e-12,3.1354519972989286e-17,0.0
200.0,4.341851835316436e-11,1.5335500733320535e-10,1.146832923592045e-8,1.0441624493672105e-6,5.220812246836053e-7,6.877200095290003e-9,6.46415134311825e-10,4.1659171817469794e-10,3.636973890072336e-12,1.4685797931324096e-12,3.4349376879546706e-17,0.0
200.61800000000002,4.382225299236734e-11,1.5478138104969815e-10,1.15749694885579e-8,1.0599838738710165e-6,5.299919369355083e-7,6.898562056406244e-9,6.484135374987984e-10,4.1788020866142564e-10,3.648212170416342e-12,1.4731177198682185e-12,3.4455516454112813e-17,0.0
310.626,1.626666132991169e-10,5.746741516821454e-10,4.2965866818218335e-8,6.629424825973568e-6,3.314712412986784e-6,1.0697607499338307e-8,1.0041112138582648e-9,6.47201186243903e-10,5.648697829472017e-12,2.2808975702679206e-12,5.3349047714153696e-17,0.0
321.48,1.8032124247454606e-10,6.370519411950597e-10,4.762906371211125e-8,7.540493749289149e-6,3.7702468746445746e-6,1.1072206101473534e-8,1.0392042405671348e-9,6.698246735432814e-10,5.8460767846382364e-12,2.3605975825683497e-12,5.521318839750897e-17,0.0
344.79485999999997,2.2246790301288452e-10,7.859663909736052e-10,5.876145140246676e-8,9.756408558809615e-6,4.878204279404807e-6,1.1876776508887186e-8,1.1145848398288623e-9,7.184199832816536e-10,6.270055267605012e-12,2.5317966340942117e-12,5.921744296289174e-17,0.0
345.48513999999994,2.2380672332170197e-10,7.906967854795108e-10,5.911508005382621e-8,9.827587968378264e-6,4.913793984189132e-6,1.1900595756882907e-8,1.116816609587536e-9,7.198587210998419e-10,6.28260794246894e-12,2.536865301730442e-12,5.933599640226002e-17,1.811743420638903e-9
364.76,2.633944582561521e-10,9.305707198504014e-10,6.95715671739017e-8,1.1949981711330509e-5,5.9749908556652545e-6,1.2565674555421302e-8,1.1791345897925276e-9,7.600326039618237e-10,6.633119393590609e-12,2.678398963531288e-12,6.264639355463333e-17,7.259868843777618e-7
379.654,2.969948728410489e-10,1.0492903118274915e-9,7.844659634437397e-8,1.3774048656007482e-5,6.887024328003741e-6,1.3079553420976066e-8,1.2272883757010543e-9,7.910751998651987e-10,6.903965321749992e-12,2.787764336769694e-12,6.520439165098231e-17,1.6130126993794975e-6
400.0,3.473481468253149e-10,1.2272030037487805e-9,9.17466338873636e-8,1.6537800212043385e-5,8.268900106021692e-6,1.3781492666446903e-8,1.2930686094699828e-9,8.334805321991883e-10,7.273955321781984e-12,2.9371632752070555e-12,6.869875376111153e-17,3.0354246634160744e-6
690.28,1.7850931500588964e-9,6.3072601936633946e-9,4.7150471131103806e-7,9.972093294872793e-5,4.9860466474363965e-5,2.3793077398118103e-8,2.231539566858717e-9,1.4384508755513268e-9,1.2552667580270865e-11,5.068664073477786e-12,1.1855343936632122e-16,2.634608602866347e-5
